decay_chance,base_lure,avg_rounds,lure_lasts,lasts_perc,Column Descriptions,Example Reading a Row
0,Two Rounds (Small Magnet),2,two_rounds,1,decay_chance: the decay chance (%),"Row 23 can be read as such: For a decay chance of 1%, Presentation (5 rounds) will last 4.96029801 rounds on average. There is a 96.059601% chance Presentation would last for five rounds.  "
0,Two Rounds (Small Magnet),2,one_round,0,base_lure: the gag used and number of rounds it lures for,
0,Three Rounds (Big Magnet),3,three_rounds,1,avg_rounds: the average number of rounds lure lasts given decay_chance and base_lure,
0,Three Rounds (Big Magnet),3,two_rounds,0,lure_lasts: used in conjunction with lasts_perc to determine the percentage chance lure lasts n rounds given decay_chance and base_lure,
0,Four Rounds (Hypno Goggles),4,four_rounds,1,lasts_perc: used in conjunction with lure_lasts to determine the percentage chance lure lasts n rounds given decay_chance and base_lure,
0,Four Rounds (Hypno Goggles),4,three_rounds,0,,
0,Four Rounds (Hypno Goggles),4,two_rounds,0,,
0,Five Rounds (Presentation),5,five_rounds,1,,
0,Five Rounds (Presentation),5,four_rounds,0,,
0,Five Rounds (Presentation),5,three_rounds,0,,
0,Six Rounds (Presentation 1.2),6,six_rounds,1,,
0,Six Rounds (Presentation 1.2),6,five_rounds,0,,
0,Six Rounds (Presentation 1.2),6,four_rounds,0,,
0,Six Rounds (Presentation 1.2),6,three_rounds,0,,
1,Two Rounds (Small Magnet),1.99,two_rounds,0.99,,
1,Two Rounds (Small Magnet),1.99,one_round,0.01,,
1,Three Rounds (Big Magnet),2.9801,three_rounds,0.9801,,
1,Three Rounds (Big Magnet),2.9801,two_rounds,0.0199,,
1,Four Rounds (Hypno Goggles),3.970199,four_rounds,0.970299,,
1,Four Rounds (Hypno Goggles),3.970199,three_rounds,0.029601,,
1,Four Rounds (Hypno Goggles),3.970199,two_rounds,1.00E-04,,
1,Five Rounds (Presentation),4.96029801,five_rounds,0.96059601,,
1,Five Rounds (Presentation),4.96029801,four_rounds,0.03910599,,
1,Five Rounds (Presentation),4.96029801,three_rounds,0.000298,,
1,Six Rounds (Presentation 1.2),5.95039702,six_rounds,0.9509900499,,
1,Six Rounds (Presentation 1.2),5.95039702,five_rounds,0.0484179201,,
1,Six Rounds (Presentation 1.2),5.95039702,four_rounds,0.00059103,,
1,Six Rounds (Presentation 1.2),5.95039702,three_rounds,1.00E-06,,
2,Two Rounds (Small Magnet),1.98,two_rounds,0.98,,
2,Two Rounds (Small Magnet),1.98,one_round,0.02,,
2,Three Rounds (Big Magnet),2.9604,three_rounds,0.9604,,
2,Three Rounds (Big Magnet),2.9604,two_rounds,0.0396,,
2,Four Rounds (Hypno Goggles),3.940792,four_rounds,0.941192,,
2,Four Rounds (Hypno Goggles),3.940792,three_rounds,0.058408,,
2,Four Rounds (Hypno Goggles),3.940792,two_rounds,4.00E-04,,
2,Five Rounds (Presentation),4.92118416,five_rounds,0.92236816,,
2,Five Rounds (Presentation),4.92118416,four_rounds,0.07644784,,
2,Five Rounds (Presentation),4.92118416,three_rounds,0.001184,,
2,Six Rounds (Presentation 1.2),5.901576317,six_rounds,0.9039207968,,
2,Six Rounds (Presentation 1.2),5.901576317,five_rounds,0.0937427232,,
2,Six Rounds (Presentation 1.2),5.901576317,four_rounds,0.00232848,,
2,Six Rounds (Presentation 1.2),5.901576317,three_rounds,8.00E-06,,
3,Two Rounds (Small Magnet),1.97,two_rounds,0.97,,
3,Two Rounds (Small Magnet),1.97,one_round,0.03,,
3,Three Rounds (Big Magnet),2.9409,three_rounds,0.9409,,
3,Three Rounds (Big Magnet),2.9409,two_rounds,0.0591,,
3,Four Rounds (Hypno Goggles),3.911773,four_rounds,0.912673,,
3,Four Rounds (Hypno Goggles),3.911773,three_rounds,0.086427,,
3,Four Rounds (Hypno Goggles),3.911773,two_rounds,9.00E-04,,
3,Five Rounds (Presentation),4.88264681,five_rounds,0.88529281,,
3,Five Rounds (Presentation),4.88264681,four_rounds,0.11206119,,
3,Five Rounds (Presentation),4.88264681,three_rounds,0.002646,,
3,Six Rounds (Presentation 1.2),5.853520596,six_rounds,0.8587340257,,
3,Six Rounds (Presentation 1.2),5.853520596,five_rounds,0.1360795443,,
3,Six Rounds (Presentation 1.2),5.853520596,four_rounds,0.00515943,,
3,Six Rounds (Presentation 1.2),5.853520596,three_rounds,2.70E-05,,
4,Two Rounds (Small Magnet),1.96,two_rounds,0.96,,
4,Two Rounds (Small Magnet),1.96,one_round,0.04,,
4,Three Rounds (Big Magnet),2.9216,three_rounds,0.9216,,
4,Three Rounds (Big Magnet),2.9216,two_rounds,0.0784,,
4,Four Rounds (Hypno Goggles),3.883136,four_rounds,0.884736,,
4,Four Rounds (Hypno Goggles),3.883136,three_rounds,0.113664,,
4,Four Rounds (Hypno Goggles),3.883136,two_rounds,0.0016,,
4,Five Rounds (Presentation),4.84467456,five_rounds,0.84934656,,
4,Five Rounds (Presentation),4.84467456,four_rounds,0.14598144,,
4,Five Rounds (Presentation),4.84467456,three_rounds,0.004672,,
4,Six Rounds (Presentation 1.2),5.806213018,six_rounds,0.8153726976,,
4,Six Rounds (Presentation 1.2),5.806213018,five_rounds,0.1755316224,,
4,Six Rounds (Presentation 1.2),5.806213018,four_rounds,0.00903168,,
4,Six Rounds (Presentation 1.2),5.806213018,three_rounds,6.40E-05,,
5,Two Rounds (Small Magnet),1.95,two_rounds,0.95,,
5,Two Rounds (Small Magnet),1.95,one_round,0.05,,
5,Three Rounds (Big Magnet),2.9025,three_rounds,0.9025,,
5,Three Rounds (Big Magnet),2.9025,two_rounds,0.0975,,
5,Four Rounds (Hypno Goggles),3.854875,four_rounds,0.857375,,
5,Four Rounds (Hypno Goggles),3.854875,three_rounds,0.140125,,
5,Four Rounds (Hypno Goggles),3.854875,two_rounds,0.0025,,
5,Five Rounds (Presentation),4.80725625,five_rounds,0.81450625,,
5,Five Rounds (Presentation),4.80725625,four_rounds,0.17824375,,
5,Five Rounds (Presentation),4.80725625,three_rounds,0.00725,,
5,Six Rounds (Presentation 1.2),5.759637188,six_rounds,0.7737809375,,
5,Six Rounds (Presentation 1.2),5.759637188,five_rounds,0.2122003125,,
5,Six Rounds (Presentation 1.2),5.759637188,four_rounds,0.01389375,,
5,Six Rounds (Presentation 1.2),5.759637188,three_rounds,0.000125,,
6,Two Rounds (Small Magnet),1.94,two_rounds,0.94,,
6,Two Rounds (Small Magnet),1.94,one_round,0.06,,
6,Three Rounds (Big Magnet),2.8836,three_rounds,0.8836,,
6,Three Rounds (Big Magnet),2.8836,two_rounds,0.1164,,
6,Four Rounds (Hypno Goggles),3.826984,four_rounds,0.830584,,
6,Four Rounds (Hypno Goggles),3.826984,three_rounds,0.165816,,
6,Four Rounds (Hypno Goggles),3.826984,two_rounds,0.0036,,
6,Five Rounds (Presentation),4.77038096,five_rounds,0.78074896,,
6,Five Rounds (Presentation),4.77038096,four_rounds,0.20888304,,
6,Five Rounds (Presentation),4.77038096,three_rounds,0.010368,,
6,Six Rounds (Presentation 1.2),5.713777142,six_rounds,0.7339040224,,
6,Six Rounds (Presentation 1.2),5.713777142,five_rounds,0.2461850976,,
6,Six Rounds (Presentation 1.2),5.713777142,four_rounds,0.01969488,,
6,Six Rounds (Presentation 1.2),5.713777142,three_rounds,0.000216,,
7,Two Rounds (Small Magnet),1.93,two_rounds,0.93,,
7,Two Rounds (Small Magnet),1.93,one_round,0.07,,
7,Three Rounds (Big Magnet),2.8649,three_rounds,0.8649,,
7,Three Rounds (Big Magnet),2.8649,two_rounds,0.1351,,
7,Four Rounds (Hypno Goggles),3.799457,four_rounds,0.804357,,
7,Four Rounds (Hypno Goggles),3.799457,three_rounds,0.190743,,
7,Four Rounds (Hypno Goggles),3.799457,two_rounds,0.0049,,
7,Five Rounds (Presentation),4.73403801,five_rounds,0.74805201,,
7,Five Rounds (Presentation),4.73403801,four_rounds,0.23793399,,
7,Five Rounds (Presentation),4.73403801,three_rounds,0.014014,,
7,Six Rounds (Presentation 1.2),5.668617339,six_rounds,0.6956883693,,
7,Six Rounds (Presentation 1.2),5.668617339,five_rounds,0.2775836007,,
7,Six Rounds (Presentation 1.2),5.668617339,four_rounds,0.02638503,,
7,Six Rounds (Presentation 1.2),5.668617339,three_rounds,0.000343,,
8,Two Rounds (Small Magnet),1.92,two_rounds,0.92,,
8,Two Rounds (Small Magnet),1.92,one_round,0.08,,
8,Three Rounds (Big Magnet),2.8464,three_rounds,0.8464,,
8,Three Rounds (Big Magnet),2.8464,two_rounds,0.1536,,
8,Four Rounds (Hypno Goggles),3.772288,four_rounds,0.778688,,
8,Four Rounds (Hypno Goggles),3.772288,three_rounds,0.214912,,
8,Four Rounds (Hypno Goggles),3.772288,two_rounds,0.0064,,
8,Five Rounds (Presentation),4.69821696,five_rounds,0.71639296,,
8,Five Rounds (Presentation),4.69821696,four_rounds,0.26543104,,
8,Five Rounds (Presentation),4.69821696,three_rounds,0.018176,,
8,Six Rounds (Presentation 1.2),5.624142643,six_rounds,0.6590815232,,
8,Six Rounds (Presentation 1.2),5.624142643,five_rounds,0.3064915968,,
8,Six Rounds (Presentation 1.2),5.624142643,four_rounds,0.03391488,,
8,Six Rounds (Presentation 1.2),5.624142643,three_rounds,0.000512,,
9,Two Rounds (Small Magnet),1.91,two_rounds,0.91,,
9,Two Rounds (Small Magnet),1.91,one_round,0.09,,
9,Three Rounds (Big Magnet),2.8281,three_rounds,0.8281,,
9,Three Rounds (Big Magnet),2.8281,two_rounds,0.1719,,
9,Four Rounds (Hypno Goggles),3.745471,four_rounds,0.753571,,
9,Four Rounds (Hypno Goggles),3.745471,three_rounds,0.238329,,
9,Four Rounds (Hypno Goggles),3.745471,two_rounds,0.0081,,
9,Five Rounds (Presentation),4.66290761,five_rounds,0.68574961,,
9,Five Rounds (Presentation),4.66290761,four_rounds,0.29140839,,
9,Five Rounds (Presentation),4.66290761,three_rounds,0.022842,,
9,Six Rounds (Presentation 1.2),5.580338315,six_rounds,0.6240321451,,
9,Six Rounds (Presentation 1.2),5.580338315,five_rounds,0.3330030249,,
9,Six Rounds (Presentation 1.2),5.580338315,four_rounds,0.04223583,,
9,Six Rounds (Presentation 1.2),5.580338315,three_rounds,0.000729,,
10,Two Rounds (Small Magnet),1.9,two_rounds,0.9,,
10,Two Rounds (Small Magnet),1.9,one_round,0.1,,
10,Three Rounds (Big Magnet),2.81,three_rounds,0.81,,
10,Three Rounds (Big Magnet),2.81,two_rounds,0.19,,
10,Four Rounds (Hypno Goggles),3.719,four_rounds,0.729,,
10,Four Rounds (Hypno Goggles),3.719,three_rounds,0.261,,
10,Four Rounds (Hypno Goggles),3.719,two_rounds,0.01,,
10,Five Rounds (Presentation),4.6281,five_rounds,0.6561,,
10,Five Rounds (Presentation),4.6281,four_rounds,0.3159,,
10,Five Rounds (Presentation),4.6281,three_rounds,0.028,,
10,Six Rounds (Presentation 1.2),5.53719,six_rounds,0.59049,,
10,Six Rounds (Presentation 1.2),5.53719,five_rounds,0.35721,,
10,Six Rounds (Presentation 1.2),5.53719,four_rounds,0.0513,,
10,Six Rounds (Presentation 1.2),5.53719,three_rounds,0.001,,
11,Two Rounds (Small Magnet),1.89,two_rounds,0.89,,
11,Two Rounds (Small Magnet),1.89,one_round,0.11,,
11,Three Rounds (Big Magnet),2.7921,three_rounds,0.7921,,
11,Three Rounds (Big Magnet),2.7921,two_rounds,0.2079,,
11,Four Rounds (Hypno Goggles),3.692869,four_rounds,0.704969,,
11,Four Rounds (Hypno Goggles),3.692869,three_rounds,0.282931,,
11,Four Rounds (Hypno Goggles),3.692869,two_rounds,0.0121,,
11,Five Rounds (Presentation),4.59378441,five_rounds,0.62742241,,
11,Five Rounds (Presentation),4.59378441,four_rounds,0.33893959,,
11,Five Rounds (Presentation),4.59378441,three_rounds,0.033638,,
11,Six Rounds (Presentation 1.2),5.494683715,six_rounds,0.5584059449,,
11,Six Rounds (Presentation 1.2),5.494683715,five_rounds,0.3792028251,,
11,Six Rounds (Presentation 1.2),5.494683715,four_rounds,0.06106023,,
11,Six Rounds (Presentation 1.2),5.494683715,three_rounds,0.001331,,
12,Two Rounds (Small Magnet),1.88,two_rounds,0.88,,
12,Two Rounds (Small Magnet),1.88,one_round,0.12,,
12,Three Rounds (Big Magnet),2.7744,three_rounds,0.7744,,
12,Three Rounds (Big Magnet),2.7744,two_rounds,0.2256,,
12,Four Rounds (Hypno Goggles),3.667072,four_rounds,0.681472,,
12,Four Rounds (Hypno Goggles),3.667072,three_rounds,0.304128,,
12,Four Rounds (Hypno Goggles),3.667072,two_rounds,0.0144,,
12,Five Rounds (Presentation),4.55995136,five_rounds,0.59969536,,
12,Five Rounds (Presentation),4.55995136,four_rounds,0.36056064,,
12,Five Rounds (Presentation),4.55995136,three_rounds,0.039744,,
12,Six Rounds (Presentation 1.2),5.452805837,six_rounds,0.5277319168,,
12,Six Rounds (Presentation 1.2),5.452805837,five_rounds,0.3990700032,,
12,Six Rounds (Presentation 1.2),5.452805837,four_rounds,0.07147008,,
12,Six Rounds (Presentation 1.2),5.452805837,three_rounds,0.001728,,
13,Two Rounds (Small Magnet),1.87,two_rounds,0.87,,
13,Two Rounds (Small Magnet),1.87,one_round,0.13,,
13,Three Rounds (Big Magnet),2.7569,three_rounds,0.7569,,
13,Three Rounds (Big Magnet),2.7569,two_rounds,0.2431,,
13,Four Rounds (Hypno Goggles),3.641603,four_rounds,0.658503,,
13,Four Rounds (Hypno Goggles),3.641603,three_rounds,0.324597,,
13,Four Rounds (Hypno Goggles),3.641603,two_rounds,0.0169,,
13,Five Rounds (Presentation),4.52659161,five_rounds,0.57289761,,
13,Five Rounds (Presentation),4.52659161,four_rounds,0.38079639,,
13,Five Rounds (Presentation),4.52659161,three_rounds,0.046306,,
13,Six Rounds (Presentation 1.2),5.411543091,six_rounds,0.4984209207,,
13,Six Rounds (Presentation 1.2),5.411543091,five_rounds,0.4168982493,,
13,Six Rounds (Presentation 1.2),5.411543091,four_rounds,0.08248383,,
13,Six Rounds (Presentation 1.2),5.411543091,three_rounds,0.002197,,
14,Two Rounds (Small Magnet),1.86,two_rounds,0.86,,
14,Two Rounds (Small Magnet),1.86,one_round,0.14,,
14,Three Rounds (Big Magnet),2.7396,three_rounds,0.7396,,
14,Three Rounds (Big Magnet),2.7396,two_rounds,0.2604,,
14,Four Rounds (Hypno Goggles),3.616456,four_rounds,0.636056,,
14,Four Rounds (Hypno Goggles),3.616456,three_rounds,0.344344,,
14,Four Rounds (Hypno Goggles),3.616456,two_rounds,0.0196,,
14,Five Rounds (Presentation),4.49369616,five_rounds,0.54700816,,
14,Five Rounds (Presentation),4.49369616,four_rounds,0.39967984,,
14,Five Rounds (Presentation),4.49369616,three_rounds,0.053312,,
14,Six Rounds (Presentation 1.2),5.370882538,six_rounds,0.4704270176,,
14,Six Rounds (Presentation 1.2),5.370882538,five_rounds,0.4327725024,,
14,Six Rounds (Presentation 1.2),5.370882538,four_rounds,0.09405648,,
14,Six Rounds (Presentation 1.2),5.370882538,three_rounds,0.002744,,
15,Two Rounds (Small Magnet),1.85,two_rounds,0.85,,
15,Two Rounds (Small Magnet),1.85,one_round,0.15,,
15,Three Rounds (Big Magnet),2.7225,three_rounds,0.7225,,
15,Three Rounds (Big Magnet),2.7225,two_rounds,0.2775,,
15,Four Rounds (Hypno Goggles),3.591625,four_rounds,0.614125,,
15,Four Rounds (Hypno Goggles),3.591625,three_rounds,0.363375,,
15,Four Rounds (Hypno Goggles),3.591625,two_rounds,0.0225,,
15,Five Rounds (Presentation),4.46125625,five_rounds,0.52200625,,
15,Five Rounds (Presentation),4.46125625,four_rounds,0.41724375,,
15,Five Rounds (Presentation),4.46125625,three_rounds,0.06075,,
15,Six Rounds (Presentation 1.2),5.330811563,six_rounds,0.4437053125,,
15,Six Rounds (Presentation 1.2),5.330811563,five_rounds,0.4467759375,,
15,Six Rounds (Presentation 1.2),5.330811563,four_rounds,0.10614375,,
15,Six Rounds (Presentation 1.2),5.330811563,three_rounds,0.003375,,
16,Two Rounds (Small Magnet),1.84,two_rounds,0.84,,
16,Two Rounds (Small Magnet),1.84,one_round,0.16,,
16,Three Rounds (Big Magnet),2.7056,three_rounds,0.7056,,
16,Three Rounds (Big Magnet),2.7056,two_rounds,0.2944,,
16,Four Rounds (Hypno Goggles),3.567104,four_rounds,0.592704,,
16,Four Rounds (Hypno Goggles),3.567104,three_rounds,0.381696,,
16,Four Rounds (Hypno Goggles),3.567104,two_rounds,0.0256,,
16,Five Rounds (Presentation),4.42926336,five_rounds,0.49787136,,
16,Five Rounds (Presentation),4.42926336,four_rounds,0.43352064,,
16,Five Rounds (Presentation),4.42926336,three_rounds,0.068608,,
16,Six Rounds (Presentation 1.2),5.291317862,six_rounds,0.4182119424,,
16,Six Rounds (Presentation 1.2),5.291317862,five_rounds,0.4589899776,,
16,Six Rounds (Presentation 1.2),5.291317862,four_rounds,0.11870208,,
16,Six Rounds (Presentation 1.2),5.291317862,three_rounds,0.004096,,
17,Two Rounds (Small Magnet),1.83,two_rounds,0.83,,
17,Two Rounds (Small Magnet),1.83,one_round,0.17,,
17,Three Rounds (Big Magnet),2.6889,three_rounds,0.6889,,
17,Three Rounds (Big Magnet),2.6889,two_rounds,0.3111,,
17,Four Rounds (Hypno Goggles),3.542887,four_rounds,0.571787,,
17,Four Rounds (Hypno Goggles),3.542887,three_rounds,0.399313,,
17,Four Rounds (Hypno Goggles),3.542887,two_rounds,0.0289,,
17,Five Rounds (Presentation),4.39770921,five_rounds,0.47458321,,
17,Five Rounds (Presentation),4.39770921,four_rounds,0.44854279,,
17,Five Rounds (Presentation),4.39770921,three_rounds,0.076874,,
17,Six Rounds (Presentation 1.2),5.252389434,six_rounds,0.3939040643,,
17,Six Rounds (Presentation 1.2),5.252389434,five_rounds,0.4694943057,,
17,Six Rounds (Presentation 1.2),5.252389434,four_rounds,0.13168863,,
17,Six Rounds (Presentation 1.2),5.252389434,three_rounds,0.004913,,
18,Two Rounds (Small Magnet),1.82,two_rounds,0.82,,
18,Two Rounds (Small Magnet),1.82,one_round,0.18,,
18,Three Rounds (Big Magnet),2.6724,three_rounds,0.6724,,
18,Three Rounds (Big Magnet),2.6724,two_rounds,0.3276,,
18,Four Rounds (Hypno Goggles),3.518968,four_rounds,0.551368,,
18,Four Rounds (Hypno Goggles),3.518968,three_rounds,0.416232,,
18,Four Rounds (Hypno Goggles),3.518968,two_rounds,0.0324,,
18,Five Rounds (Presentation),4.36658576,five_rounds,0.45212176,,
18,Five Rounds (Presentation),4.36658576,four_rounds,0.46234224,,
18,Five Rounds (Presentation),4.36658576,three_rounds,0.085536,,
18,Six Rounds (Presentation 1.2),5.214014563,six_rounds,0.3707398432,,
18,Six Rounds (Presentation 1.2),5.214014563,five_rounds,0.4783668768,,
18,Six Rounds (Presentation 1.2),5.214014563,four_rounds,0.14506128,,
18,Six Rounds (Presentation 1.2),5.214014563,three_rounds,0.005832,,
19,Two Rounds (Small Magnet),1.81,two_rounds,0.81,,
19,Two Rounds (Small Magnet),1.81,one_round,0.19,,
19,Three Rounds (Big Magnet),2.6561,three_rounds,0.6561,,
19,Three Rounds (Big Magnet),2.6561,two_rounds,0.3439,,
19,Four Rounds (Hypno Goggles),3.495341,four_rounds,0.531441,,
19,Four Rounds (Hypno Goggles),3.495341,three_rounds,0.432459,,
19,Four Rounds (Hypno Goggles),3.495341,two_rounds,0.0361,,
19,Five Rounds (Presentation),4.33588521,five_rounds,0.43046721,,
19,Five Rounds (Presentation),4.33588521,four_rounds,0.47495079,,
19,Five Rounds (Presentation),4.33588521,three_rounds,0.094582,,
19,Six Rounds (Presentation 1.2),5.17618181,six_rounds,0.3486784401,,
19,Six Rounds (Presentation 1.2),5.17618181,five_rounds,0.4856839299,,
19,Six Rounds (Presentation 1.2),5.17618181,four_rounds,0.15877863,,
19,Six Rounds (Presentation 1.2),5.17618181,three_rounds,0.006859,,
20,Two Rounds (Small Magnet),1.8,two_rounds,0.8,,
20,Two Rounds (Small Magnet),1.8,one_round,0.2,,
20,Three Rounds (Big Magnet),2.64,three_rounds,0.64,,
20,Three Rounds (Big Magnet),2.64,two_rounds,0.36,,
20,Four Rounds (Hypno Goggles),3.472,four_rounds,0.512,,
20,Four Rounds (Hypno Goggles),3.472,three_rounds,0.448,,
20,Four Rounds (Hypno Goggles),3.472,two_rounds,0.04,,
20,Five Rounds (Presentation),4.3056,five_rounds,0.4096,,
20,Five Rounds (Presentation),4.3056,four_rounds,0.4864,,
20,Five Rounds (Presentation),4.3056,three_rounds,0.104,,
20,Six Rounds (Presentation 1.2),5.13888,six_rounds,0.32768,,
20,Six Rounds (Presentation 1.2),5.13888,five_rounds,0.49152,,
20,Six Rounds (Presentation 1.2),5.13888,four_rounds,0.1728,,
20,Six Rounds (Presentation 1.2),5.13888,three_rounds,0.008,,
21,Two Rounds (Small Magnet),1.79,two_rounds,0.79,,
21,Two Rounds (Small Magnet),1.79,one_round,0.21,,
21,Three Rounds (Big Magnet),2.6241,three_rounds,0.6241,,
21,Three Rounds (Big Magnet),2.6241,two_rounds,0.3759,,
21,Four Rounds (Hypno Goggles),3.448939,four_rounds,0.493039,,
21,Four Rounds (Hypno Goggles),3.448939,three_rounds,0.462861,,
21,Four Rounds (Hypno Goggles),3.448939,two_rounds,0.0441,,
21,Five Rounds (Presentation),4.27572281,five_rounds,0.38950081,,
21,Five Rounds (Presentation),4.27572281,four_rounds,0.49672119,,
21,Five Rounds (Presentation),4.27572281,three_rounds,0.113778,,
21,Six Rounds (Presentation 1.2),5.10209821,six_rounds,0.3077056399,,
21,Six Rounds (Presentation 1.2),5.10209821,five_rounds,0.4959479301,,
21,Six Rounds (Presentation 1.2),5.10209821,four_rounds,0.18708543,,
21,Six Rounds (Presentation 1.2),5.10209821,three_rounds,0.009261,,
22,Two Rounds (Small Magnet),1.78,two_rounds,0.78,,
22,Two Rounds (Small Magnet),1.78,one_round,0.22,,
22,Three Rounds (Big Magnet),2.6084,three_rounds,0.6084,,
22,Three Rounds (Big Magnet),2.6084,two_rounds,0.3916,,
22,Four Rounds (Hypno Goggles),3.426152,four_rounds,0.474552,,
22,Four Rounds (Hypno Goggles),3.426152,three_rounds,0.477048,,
22,Four Rounds (Hypno Goggles),3.426152,two_rounds,0.0484,,
22,Five Rounds (Presentation),4.24624656,five_rounds,0.37015056,,
22,Five Rounds (Presentation),4.24624656,four_rounds,0.50594544,,
22,Five Rounds (Presentation),4.24624656,three_rounds,0.123904,,
22,Six Rounds (Presentation 1.2),5.065825757,six_rounds,0.2887174368,,
22,Six Rounds (Presentation 1.2),5.065825757,five_rounds,0.4990388832,,
22,Six Rounds (Presentation 1.2),5.065825757,four_rounds,0.20159568,,
22,Six Rounds (Presentation 1.2),5.065825757,three_rounds,0.010648,,
23,Two Rounds (Small Magnet),1.77,two_rounds,0.77,,
23,Two Rounds (Small Magnet),1.77,one_round,0.23,,
23,Three Rounds (Big Magnet),2.5929,three_rounds,0.5929,,
23,Three Rounds (Big Magnet),2.5929,two_rounds,0.4071,,
23,Four Rounds (Hypno Goggles),3.403633,four_rounds,0.456533,,
23,Four Rounds (Hypno Goggles),3.403633,three_rounds,0.490567,,
23,Four Rounds (Hypno Goggles),3.403633,two_rounds,0.0529,,
23,Five Rounds (Presentation),4.21716441,five_rounds,0.35153041,,
23,Five Rounds (Presentation),4.21716441,four_rounds,0.51410359,,
23,Five Rounds (Presentation),4.21716441,three_rounds,0.134366,,
23,Six Rounds (Presentation 1.2),5.030052186,six_rounds,0.2706784157,,
23,Six Rounds (Presentation 1.2),5.030052186,five_rounds,0.5008623543,,
23,Six Rounds (Presentation 1.2),5.030052186,four_rounds,0.21629223,,
23,Six Rounds (Presentation 1.2),5.030052186,three_rounds,0.012167,,
24,Two Rounds (Small Magnet),1.76,two_rounds,0.76,,
24,Two Rounds (Small Magnet),1.76,one_round,0.24,,
24,Three Rounds (Big Magnet),2.5776,three_rounds,0.5776,,
24,Three Rounds (Big Magnet),2.5776,two_rounds,0.4224,,
24,Four Rounds (Hypno Goggles),3.381376,four_rounds,0.438976,,
24,Four Rounds (Hypno Goggles),3.381376,three_rounds,0.503424,,
24,Four Rounds (Hypno Goggles),3.381376,two_rounds,0.0576,,
24,Five Rounds (Presentation),4.18846976,five_rounds,0.33362176,,
24,Five Rounds (Presentation),4.18846976,four_rounds,0.52122624,,
24,Five Rounds (Presentation),4.18846976,three_rounds,0.145152,,
24,Six Rounds (Presentation 1.2),4.994767258,six_rounds,0.2535525376,,
24,Six Rounds (Presentation 1.2),4.994767258,five_rounds,0.5014861824,,
24,Six Rounds (Presentation 1.2),4.994767258,four_rounds,0.23113728,,
24,Six Rounds (Presentation 1.2),4.994767258,three_rounds,0.013824,,
25,Two Rounds (Small Magnet),1.75,two_rounds,0.75,,
25,Two Rounds (Small Magnet),1.75,one_round,0.25,,
25,Three Rounds (Big Magnet),2.5625,three_rounds,0.5625,,
25,Three Rounds (Big Magnet),2.5625,two_rounds,0.4375,,
25,Four Rounds (Hypno Goggles),3.359375,four_rounds,0.421875,,
25,Four Rounds (Hypno Goggles),3.359375,three_rounds,0.515625,,
25,Four Rounds (Hypno Goggles),3.359375,two_rounds,0.0625,,
25,Five Rounds (Presentation),4.16015625,five_rounds,0.31640625,,
25,Five Rounds (Presentation),4.16015625,four_rounds,0.52734375,,
25,Five Rounds (Presentation),4.16015625,three_rounds,0.15625,,
25,Six Rounds (Presentation 1.2),4.959960938,six_rounds,0.2373046875,,
25,Six Rounds (Presentation 1.2),4.959960938,five_rounds,0.5009765625,,
25,Six Rounds (Presentation 1.2),4.959960938,four_rounds,0.24609375,,
25,Six Rounds (Presentation 1.2),4.959960938,three_rounds,0.015625,,
26,Two Rounds (Small Magnet),1.74,two_rounds,0.74,,
26,Two Rounds (Small Magnet),1.74,one_round,0.26,,
26,Three Rounds (Big Magnet),2.5476,three_rounds,0.5476,,
26,Three Rounds (Big Magnet),2.5476,two_rounds,0.4524,,
26,Four Rounds (Hypno Goggles),3.337624,four_rounds,0.405224,,
26,Four Rounds (Hypno Goggles),3.337624,three_rounds,0.527176,,
26,Four Rounds (Hypno Goggles),3.337624,two_rounds,0.0676,,
26,Five Rounds (Presentation),4.13221776,five_rounds,0.29986576,,
26,Five Rounds (Presentation),4.13221776,four_rounds,0.53248624,,
26,Five Rounds (Presentation),4.13221776,three_rounds,0.167648,,
26,Six Rounds (Presentation 1.2),4.925623382,six_rounds,0.2219006624,,
26,Six Rounds (Presentation 1.2),4.925623382,five_rounds,0.4993980576,,
26,Six Rounds (Presentation 1.2),4.925623382,four_rounds,0.26112528,,
26,Six Rounds (Presentation 1.2),4.925623382,three_rounds,0.017576,,
27,Two Rounds (Small Magnet),1.73,two_rounds,0.73,,
27,Two Rounds (Small Magnet),1.73,one_round,0.27,,
27,Three Rounds (Big Magnet),2.5329,three_rounds,0.5329,,
27,Three Rounds (Big Magnet),2.5329,two_rounds,0.4671,,
27,Four Rounds (Hypno Goggles),3.316117,four_rounds,0.389017,,
27,Four Rounds (Hypno Goggles),3.316117,three_rounds,0.538083,,
27,Four Rounds (Hypno Goggles),3.316117,two_rounds,0.0729,,
27,Five Rounds (Presentation),4.10464841,five_rounds,0.28398241,,
27,Five Rounds (Presentation),4.10464841,four_rounds,0.53668359,,
27,Five Rounds (Presentation),4.10464841,three_rounds,0.179334,,
27,Six Rounds (Presentation 1.2),4.891744929,six_rounds,0.2073071593,,
27,Six Rounds (Presentation 1.2),4.891744929,five_rounds,0.4968136107,,
27,Six Rounds (Presentation 1.2),4.891744929,four_rounds,0.27619623,,
27,Six Rounds (Presentation 1.2),4.891744929,three_rounds,0.019683,,
28,Two Rounds (Small Magnet),1.72,two_rounds,0.72,,
28,Two Rounds (Small Magnet),1.72,one_round,0.28,,
28,Three Rounds (Big Magnet),2.5184,three_rounds,0.5184,,
28,Three Rounds (Big Magnet),2.5184,two_rounds,0.4816,,
28,Four Rounds (Hypno Goggles),3.294848,four_rounds,0.373248,,
28,Four Rounds (Hypno Goggles),3.294848,three_rounds,0.548352,,
28,Four Rounds (Hypno Goggles),3.294848,two_rounds,0.0784,,
28,Five Rounds (Presentation),4.07744256,five_rounds,0.26873856,,
28,Five Rounds (Presentation),4.07744256,four_rounds,0.53996544,,
28,Five Rounds (Presentation),4.07744256,three_rounds,0.191296,,
28,Six Rounds (Presentation 1.2),4.858316083,six_rounds,0.1934917632,,
28,Six Rounds (Presentation 1.2),4.858316083,five_rounds,0.4932845568,,
28,Six Rounds (Presentation 1.2),4.858316083,four_rounds,0.29127168,,
28,Six Rounds (Presentation 1.2),4.858316083,three_rounds,0.021952,,
29,Two Rounds (Small Magnet),1.71,two_rounds,0.71,,
29,Two Rounds (Small Magnet),1.71,one_round,0.29,,
29,Three Rounds (Big Magnet),2.5041,three_rounds,0.5041,,
29,Three Rounds (Big Magnet),2.5041,two_rounds,0.4959,,
29,Four Rounds (Hypno Goggles),3.273811,four_rounds,0.357911,,
29,Four Rounds (Hypno Goggles),3.273811,three_rounds,0.557989,,
29,Four Rounds (Hypno Goggles),3.273811,two_rounds,0.0841,,
29,Five Rounds (Presentation),4.05059481,five_rounds,0.25411681,,
29,Five Rounds (Presentation),4.05059481,four_rounds,0.54236119,,
29,Five Rounds (Presentation),4.05059481,three_rounds,0.203522,,
29,Six Rounds (Presentation 1.2),4.825327505,six_rounds,0.1804229351,,
29,Six Rounds (Presentation 1.2),4.825327505,five_rounds,0.4888706349,,
29,Six Rounds (Presentation 1.2),4.825327505,four_rounds,0.30631743,,
29,Six Rounds (Presentation 1.2),4.825327505,three_rounds,0.024389,,
30,Two Rounds (Small Magnet),1.7,two_rounds,0.7,,
30,Two Rounds (Small Magnet),1.7,one_round,0.3,,
30,Three Rounds (Big Magnet),2.49,three_rounds,0.49,,
30,Three Rounds (Big Magnet),2.49,two_rounds,0.51,,
30,Four Rounds (Hypno Goggles),3.253,four_rounds,0.343,,
30,Four Rounds (Hypno Goggles),3.253,three_rounds,0.567,,
30,Four Rounds (Hypno Goggles),3.253,two_rounds,0.09,,
30,Five Rounds (Presentation),4.0241,five_rounds,0.2401,,
30,Five Rounds (Presentation),4.0241,four_rounds,0.5439,,
30,Five Rounds (Presentation),4.0241,three_rounds,0.216,,
30,Six Rounds (Presentation 1.2),4.79277,six_rounds,0.16807,,
30,Six Rounds (Presentation 1.2),4.79277,five_rounds,0.48363,,
30,Six Rounds (Presentation 1.2),4.79277,four_rounds,0.3213,,
30,Six Rounds (Presentation 1.2),4.79277,three_rounds,0.027,,
31,Two Rounds (Small Magnet),1.69,two_rounds,0.69,,
31,Two Rounds (Small Magnet),1.69,one_round,0.31,,
31,Three Rounds (Big Magnet),2.4761,three_rounds,0.4761,,
31,Three Rounds (Big Magnet),2.4761,two_rounds,0.5239,,
31,Four Rounds (Hypno Goggles),3.232409,four_rounds,0.328509,,
31,Four Rounds (Hypno Goggles),3.232409,three_rounds,0.575391,,
31,Four Rounds (Hypno Goggles),3.232409,two_rounds,0.0961,,
31,Five Rounds (Presentation),3.99795321,five_rounds,0.22667121,,
31,Five Rounds (Presentation),3.99795321,four_rounds,0.54461079,,
31,Five Rounds (Presentation),3.99795321,three_rounds,0.228718,,
31,Six Rounds (Presentation 1.2),4.760634505,six_rounds,0.1564031349,,
31,Six Rounds (Presentation 1.2),4.760634505,five_rounds,0.4776192351,,
31,Six Rounds (Presentation 1.2),4.760634505,four_rounds,0.33618663,,
31,Six Rounds (Presentation 1.2),4.760634505,three_rounds,0.029791,,
32,Two Rounds (Small Magnet),1.68,two_rounds,0.68,,
32,Two Rounds (Small Magnet),1.68,one_round,0.32,,
32,Three Rounds (Big Magnet),2.4624,three_rounds,0.4624,,
32,Three Rounds (Big Magnet),2.4624,two_rounds,0.5376,,
32,Four Rounds (Hypno Goggles),3.212032,four_rounds,0.314432,,
32,Four Rounds (Hypno Goggles),3.212032,three_rounds,0.583168,,
32,Four Rounds (Hypno Goggles),3.212032,two_rounds,0.1024,,
32,Five Rounds (Presentation),3.97214976,five_rounds,0.21381376,,
32,Five Rounds (Presentation),3.97214976,four_rounds,0.54452224,,
32,Five Rounds (Presentation),3.97214976,three_rounds,0.241664,,
32,Six Rounds (Presentation 1.2),4.728912077,six_rounds,0.1453933568,,
32,Six Rounds (Presentation 1.2),4.728912077,five_rounds,0.4708933632,,
32,Six Rounds (Presentation 1.2),4.728912077,four_rounds,0.35094528,,
32,Six Rounds (Presentation 1.2),4.728912077,three_rounds,0.032768,,
33,Two Rounds (Small Magnet),1.67,two_rounds,0.67,,
33,Two Rounds (Small Magnet),1.67,one_round,0.33,,
33,Three Rounds (Big Magnet),2.4489,three_rounds,0.4489,,
33,Three Rounds (Big Magnet),2.4489,two_rounds,0.5511,,
33,Four Rounds (Hypno Goggles),3.191863,four_rounds,0.300763,,
33,Four Rounds (Hypno Goggles),3.191863,three_rounds,0.590337,,
33,Four Rounds (Hypno Goggles),3.191863,two_rounds,0.1089,,
33,Five Rounds (Presentation),3.94668521,five_rounds,0.20151121,,
33,Five Rounds (Presentation),3.94668521,four_rounds,0.54366279,,
33,Five Rounds (Presentation),3.94668521,three_rounds,0.254826,,
33,Six Rounds (Presentation 1.2),4.697593881,six_rounds,0.1350125107,,
33,Six Rounds (Presentation 1.2),4.697593881,five_rounds,0.4635058593,,
33,Six Rounds (Presentation 1.2),4.697593881,four_rounds,0.36554463,,
33,Six Rounds (Presentation 1.2),4.697593881,three_rounds,0.035937,,
34,Two Rounds (Small Magnet),1.66,two_rounds,0.66,,
34,Two Rounds (Small Magnet),1.66,one_round,0.34,,
34,Three Rounds (Big Magnet),2.4356,three_rounds,0.4356,,
34,Three Rounds (Big Magnet),2.4356,two_rounds,0.5644,,
34,Four Rounds (Hypno Goggles),3.171896,four_rounds,0.287496,,
34,Four Rounds (Hypno Goggles),3.171896,three_rounds,0.596904,,
34,Four Rounds (Hypno Goggles),3.171896,two_rounds,0.1156,,
34,Five Rounds (Presentation),3.92155536,five_rounds,0.18974736,,
34,Five Rounds (Presentation),3.92155536,four_rounds,0.54206064,,
34,Five Rounds (Presentation),3.92155536,three_rounds,0.268192,,
34,Six Rounds (Presentation 1.2),4.666671178,six_rounds,0.1252332576,,
34,Six Rounds (Presentation 1.2),4.666671178,five_rounds,0.4555086624,,
34,Six Rounds (Presentation 1.2),4.666671178,four_rounds,0.37995408,,
34,Six Rounds (Presentation 1.2),4.666671178,three_rounds,0.039304,,
35,Two Rounds (Small Magnet),1.65,two_rounds,0.65,,
35,Two Rounds (Small Magnet),1.65,one_round,0.35,,
35,Three Rounds (Big Magnet),2.4225,three_rounds,0.4225,,
35,Three Rounds (Big Magnet),2.4225,two_rounds,0.5775,,
35,Four Rounds (Hypno Goggles),3.152125,four_rounds,0.274625,,
35,Four Rounds (Hypno Goggles),3.152125,three_rounds,0.602875,,
35,Four Rounds (Hypno Goggles),3.152125,two_rounds,0.1225,,
35,Five Rounds (Presentation),3.89675625,five_rounds,0.17850625,,
35,Five Rounds (Presentation),3.89675625,four_rounds,0.53974375,,
35,Five Rounds (Presentation),3.89675625,three_rounds,0.28175,,
35,Six Rounds (Presentation 1.2),4.636135313,six_rounds,0.1160290625,,
35,Six Rounds (Presentation 1.2),4.636135313,five_rounds,0.4469521875,,
35,Six Rounds (Presentation 1.2),4.636135313,four_rounds,0.39414375,,
35,Six Rounds (Presentation 1.2),4.636135313,three_rounds,0.042875,,
36,Two Rounds (Small Magnet),1.64,two_rounds,0.64,,
36,Two Rounds (Small Magnet),1.64,one_round,0.36,,
36,Three Rounds (Big Magnet),2.4096,three_rounds,0.4096,,
36,Three Rounds (Big Magnet),2.4096,two_rounds,0.5904,,
36,Four Rounds (Hypno Goggles),3.132544,four_rounds,0.262144,,
36,Four Rounds (Hypno Goggles),3.132544,three_rounds,0.608256,,
36,Four Rounds (Hypno Goggles),3.132544,two_rounds,0.1296,,
36,Five Rounds (Presentation),3.87228416,five_rounds,0.16777216,,
36,Five Rounds (Presentation),3.87228416,four_rounds,0.53673984,,
36,Five Rounds (Presentation),3.87228416,three_rounds,0.295488,,
36,Six Rounds (Presentation 1.2),4.605977702,six_rounds,0.1073741824,,
36,Six Rounds (Presentation 1.2),4.605977702,five_rounds,0.4378853376,,
36,Six Rounds (Presentation 1.2),4.605977702,four_rounds,0.40808448,,
36,Six Rounds (Presentation 1.2),4.605977702,three_rounds,0.046656,,
37,Two Rounds (Small Magnet),1.63,two_rounds,0.63,,
37,Two Rounds (Small Magnet),1.63,one_round,0.37,,
37,Three Rounds (Big Magnet),2.3969,three_rounds,0.3969,,
37,Three Rounds (Big Magnet),2.3969,two_rounds,0.6031,,
37,Four Rounds (Hypno Goggles),3.113147,four_rounds,0.250047,,
37,Four Rounds (Hypno Goggles),3.113147,three_rounds,0.613053,,
37,Four Rounds (Hypno Goggles),3.113147,two_rounds,0.1369,,
37,Five Rounds (Presentation),3.84813561,five_rounds,0.15752961,,
37,Five Rounds (Presentation),3.84813561,four_rounds,0.53307639,,
37,Five Rounds (Presentation),3.84813561,three_rounds,0.309394,,
37,Six Rounds (Presentation 1.2),4.576189824,six_rounds,0.0992436543,,
37,Six Rounds (Presentation 1.2),4.576189824,five_rounds,0.4283555157,,
37,Six Rounds (Presentation 1.2),4.576189824,four_rounds,0.42174783,,
37,Six Rounds (Presentation 1.2),4.576189824,three_rounds,0.050653,,
38,Two Rounds (Small Magnet),1.62,two_rounds,0.62,,
38,Two Rounds (Small Magnet),1.62,one_round,0.38,,
38,Three Rounds (Big Magnet),2.3844,three_rounds,0.3844,,
38,Three Rounds (Big Magnet),2.3844,two_rounds,0.6156,,
38,Four Rounds (Hypno Goggles),3.093928,four_rounds,0.238328,,
38,Four Rounds (Hypno Goggles),3.093928,three_rounds,0.617272,,
38,Four Rounds (Hypno Goggles),3.093928,two_rounds,0.1444,,
38,Five Rounds (Presentation),3.82430736,five_rounds,0.14776336,,
38,Five Rounds (Presentation),3.82430736,four_rounds,0.52878064,,
38,Five Rounds (Presentation),3.82430736,three_rounds,0.323456,,
38,Six Rounds (Presentation 1.2),4.546763203,six_rounds,0.0916132832,,
38,Six Rounds (Presentation 1.2),4.546763203,five_rounds,0.4184086368,,
38,Six Rounds (Presentation 1.2),4.546763203,four_rounds,0.43510608,,
38,Six Rounds (Presentation 1.2),4.546763203,three_rounds,0.054872,,
39,Two Rounds (Small Magnet),1.61,two_rounds,0.61,,
39,Two Rounds (Small Magnet),1.61,one_round,0.39,,
39,Three Rounds (Big Magnet),2.3721,three_rounds,0.3721,,
39,Three Rounds (Big Magnet),2.3721,two_rounds,0.6279,,
39,Four Rounds (Hypno Goggles),3.074881,four_rounds,0.226981,,
39,Four Rounds (Hypno Goggles),3.074881,three_rounds,0.620919,,
39,Four Rounds (Hypno Goggles),3.074881,two_rounds,0.1521,,
39,Five Rounds (Presentation),3.80079641,five_rounds,0.13845841,,
39,Five Rounds (Presentation),3.80079641,four_rounds,0.52387959,,
39,Five Rounds (Presentation),3.80079641,three_rounds,0.337662,,
39,Six Rounds (Presentation 1.2),4.5176894,six_rounds,0.0844596301,,
39,Six Rounds (Presentation 1.2),4.5176894,five_rounds,0.4080891399,,
39,Six Rounds (Presentation 1.2),4.5176894,four_rounds,0.44813223,,
39,Six Rounds (Presentation 1.2),4.5176894,three_rounds,0.059319,,
40,Two Rounds (Small Magnet),1.6,two_rounds,0.6,,
40,Two Rounds (Small Magnet),1.6,one_round,0.4,,
40,Three Rounds (Big Magnet),2.36,three_rounds,0.36,,
40,Three Rounds (Big Magnet),2.36,two_rounds,0.64,,
40,Four Rounds (Hypno Goggles),3.056,four_rounds,0.216,,
40,Four Rounds (Hypno Goggles),3.056,three_rounds,0.624,,
40,Four Rounds (Hypno Goggles),3.056,two_rounds,0.16,,
40,Five Rounds (Presentation),3.7776,five_rounds,0.1296,,
40,Five Rounds (Presentation),3.7776,four_rounds,0.5184,,
40,Five Rounds (Presentation),3.7776,three_rounds,0.352,,
40,Six Rounds (Presentation 1.2),4.48896,six_rounds,0.07776,,
40,Six Rounds (Presentation 1.2),4.48896,five_rounds,0.39744,,
40,Six Rounds (Presentation 1.2),4.48896,four_rounds,0.4608,,
40,Six Rounds (Presentation 1.2),4.48896,three_rounds,0.064,,
41,Two Rounds (Small Magnet),1.59,two_rounds,0.59,,
41,Two Rounds (Small Magnet),1.59,one_round,0.41,,
41,Three Rounds (Big Magnet),2.3481,three_rounds,0.3481,,
41,Three Rounds (Big Magnet),2.3481,two_rounds,0.6519,,
41,Four Rounds (Hypno Goggles),3.037279,four_rounds,0.205379,,
41,Four Rounds (Hypno Goggles),3.037279,three_rounds,0.626521,,
41,Four Rounds (Hypno Goggles),3.037279,two_rounds,0.1681,,
41,Five Rounds (Presentation),3.75471561,five_rounds,0.12117361,,
41,Five Rounds (Presentation),3.75471561,four_rounds,0.51236839,,
41,Five Rounds (Presentation),3.75471561,three_rounds,0.366458,,
41,Six Rounds (Presentation 1.2),4.4605666,six_rounds,0.0714924299,,
41,Six Rounds (Presentation 1.2),4.4605666,five_rounds,0.3865027401,,
41,Six Rounds (Presentation 1.2),4.4605666,four_rounds,0.47308383,,
41,Six Rounds (Presentation 1.2),4.4605666,three_rounds,0.068921,,
42,Two Rounds (Small Magnet),1.58,two_rounds,0.58,,
42,Two Rounds (Small Magnet),1.58,one_round,0.42,,
42,Three Rounds (Big Magnet),2.3364,three_rounds,0.3364,,
42,Three Rounds (Big Magnet),2.3364,two_rounds,0.6636,,
42,Four Rounds (Hypno Goggles),3.018712,four_rounds,0.195112,,
42,Four Rounds (Hypno Goggles),3.018712,three_rounds,0.628488,,
42,Four Rounds (Hypno Goggles),3.018712,two_rounds,0.1764,,
42,Five Rounds (Presentation),3.73214096,five_rounds,0.11316496,,
42,Five Rounds (Presentation),3.73214096,four_rounds,0.50581104,,
42,Five Rounds (Presentation),3.73214096,three_rounds,0.381024,,
42,Six Rounds (Presentation 1.2),4.432500797,six_rounds,0.0656356768,,
42,Six Rounds (Presentation 1.2),4.432500797,five_rounds,0.3753174432,,
42,Six Rounds (Presentation 1.2),4.432500797,four_rounds,0.48495888,,
42,Six Rounds (Presentation 1.2),4.432500797,three_rounds,0.074088,,
43,Two Rounds (Small Magnet),1.57,two_rounds,0.57,,
43,Two Rounds (Small Magnet),1.57,one_round,0.43,,
43,Three Rounds (Big Magnet),2.3249,three_rounds,0.3249,,
43,Three Rounds (Big Magnet),2.3249,two_rounds,0.6751,,
43,Four Rounds (Hypno Goggles),3.000293,four_rounds,0.185193,,
43,Four Rounds (Hypno Goggles),3.000293,three_rounds,0.629907,,
43,Four Rounds (Hypno Goggles),3.000293,two_rounds,0.1849,,
43,Five Rounds (Presentation),3.70987401,five_rounds,0.10556001,,
43,Five Rounds (Presentation),3.70987401,four_rounds,0.49875399,,
43,Five Rounds (Presentation),3.70987401,three_rounds,0.395686,,
43,Six Rounds (Presentation 1.2),4.404754176,six_rounds,0.0601692057,,
43,Six Rounds (Presentation 1.2),4.404754176,five_rounds,0.3639227643,,
43,Six Rounds (Presentation 1.2),4.404754176,four_rounds,0.49640103,,
43,Six Rounds (Presentation 1.2),4.404754176,three_rounds,0.079507,,
44,Two Rounds (Small Magnet),1.56,two_rounds,0.56,,
44,Two Rounds (Small Magnet),1.56,one_round,0.44,,
44,Three Rounds (Big Magnet),2.3136,three_rounds,0.3136,,
44,Three Rounds (Big Magnet),2.3136,two_rounds,0.6864,,
44,Four Rounds (Hypno Goggles),2.982016,four_rounds,0.175616,,
44,Four Rounds (Hypno Goggles),2.982016,three_rounds,0.630784,,
44,Four Rounds (Hypno Goggles),2.982016,two_rounds,0.1936,,
44,Five Rounds (Presentation),3.68791296,five_rounds,0.09834496,,
44,Five Rounds (Presentation),3.68791296,four_rounds,0.49122304,,
44,Five Rounds (Presentation),3.68791296,three_rounds,0.410432,,
44,Six Rounds (Presentation 1.2),4.377318298,six_rounds,0.0550731776,,
44,Six Rounds (Presentation 1.2),4.377318298,five_rounds,0.3523559424,,
44,Six Rounds (Presentation 1.2),4.377318298,four_rounds,0.50738688,,
44,Six Rounds (Presentation 1.2),4.377318298,three_rounds,0.085184,,
45,Two Rounds (Small Magnet),1.55,two_rounds,0.55,,
45,Two Rounds (Small Magnet),1.55,one_round,0.45,,
45,Three Rounds (Big Magnet),2.3025,three_rounds,0.3025,,
45,Three Rounds (Big Magnet),2.3025,two_rounds,0.6975,,
45,Four Rounds (Hypno Goggles),2.963875,four_rounds,0.166375,,
45,Four Rounds (Hypno Goggles),2.963875,three_rounds,0.631125,,
45,Four Rounds (Hypno Goggles),2.963875,two_rounds,0.2025,,
45,Five Rounds (Presentation),3.66625625,five_rounds,0.09150625,,
45,Five Rounds (Presentation),3.66625625,four_rounds,0.48324375,,
45,Five Rounds (Presentation),3.66625625,three_rounds,0.42525,,
45,Six Rounds (Presentation 1.2),4.350184688,six_rounds,0.0503284375,,
45,Six Rounds (Presentation 1.2),4.350184688,five_rounds,0.3406528125,,
45,Six Rounds (Presentation 1.2),4.350184688,four_rounds,0.51789375,,
45,Six Rounds (Presentation 1.2),4.350184688,three_rounds,0.091125,,
46,Two Rounds (Small Magnet),1.54,two_rounds,0.54,,
46,Two Rounds (Small Magnet),1.54,one_round,0.46,,
46,Three Rounds (Big Magnet),2.2916,three_rounds,0.2916,,
46,Three Rounds (Big Magnet),2.2916,two_rounds,0.7084,,
46,Four Rounds (Hypno Goggles),2.945864,four_rounds,0.157464,,
46,Four Rounds (Hypno Goggles),2.945864,three_rounds,0.630936,,
46,Four Rounds (Hypno Goggles),2.945864,two_rounds,0.2116,,
46,Five Rounds (Presentation),3.64490256,five_rounds,0.08503056,,
46,Five Rounds (Presentation),3.64490256,four_rounds,0.47484144,,
46,Five Rounds (Presentation),3.64490256,three_rounds,0.440128,,
46,Six Rounds (Presentation 1.2),4.323344822,six_rounds,0.0459165024,,
46,Six Rounds (Presentation 1.2),4.323344822,five_rounds,0.3288478176,,
46,Six Rounds (Presentation 1.2),4.323344822,four_rounds,0.52789968,,
46,Six Rounds (Presentation 1.2),4.323344822,three_rounds,0.097336,,
47,Two Rounds (Small Magnet),1.53,two_rounds,0.53,,
47,Two Rounds (Small Magnet),1.53,one_round,0.47,,
47,Three Rounds (Big Magnet),2.2809,three_rounds,0.2809,,
47,Three Rounds (Big Magnet),2.2809,two_rounds,0.7191,,
47,Four Rounds (Hypno Goggles),2.927977,four_rounds,0.148877,,
47,Four Rounds (Hypno Goggles),2.927977,three_rounds,0.630223,,
47,Four Rounds (Hypno Goggles),2.927977,two_rounds,0.2209,,
47,Five Rounds (Presentation),3.62385081,five_rounds,0.07890481,,
47,Five Rounds (Presentation),3.62385081,four_rounds,0.46604119,,
47,Five Rounds (Presentation),3.62385081,three_rounds,0.455054,,
47,Six Rounds (Presentation 1.2),4.296790119,six_rounds,0.0418195493,,
47,Six Rounds (Presentation 1.2),4.296790119,five_rounds,0.3169740207,,
47,Six Rounds (Presentation 1.2),4.296790119,four_rounds,0.53738343,,
47,Six Rounds (Presentation 1.2),4.296790119,three_rounds,0.103823,,
48,Two Rounds (Small Magnet),1.52,two_rounds,0.52,,
48,Two Rounds (Small Magnet),1.52,one_round,0.48,,
48,Three Rounds (Big Magnet),2.2704,three_rounds,0.2704,,
48,Three Rounds (Big Magnet),2.2704,two_rounds,0.7296,,
48,Four Rounds (Hypno Goggles),2.910208,four_rounds,0.140608,,
48,Four Rounds (Hypno Goggles),2.910208,three_rounds,0.628992,,
48,Four Rounds (Hypno Goggles),2.910208,two_rounds,0.2304,,
48,Five Rounds (Presentation),3.60310016,five_rounds,0.07311616,,
48,Five Rounds (Presentation),3.60310016,four_rounds,0.45686784,,
48,Five Rounds (Presentation),3.60310016,three_rounds,0.470016,,
48,Six Rounds (Presentation 1.2),4.270511923,six_rounds,0.0380204032,,
48,Six Rounds (Presentation 1.2),4.270511923,five_rounds,0.3050631168,,
48,Six Rounds (Presentation 1.2),4.270511923,four_rounds,0.54632448,,
48,Six Rounds (Presentation 1.2),4.270511923,three_rounds,0.110592,,
49,Two Rounds (Small Magnet),1.51,two_rounds,0.51,,
49,Two Rounds (Small Magnet),1.51,one_round,0.49,,
49,Three Rounds (Big Magnet),2.2601,three_rounds,0.2601,,
49,Three Rounds (Big Magnet),2.2601,two_rounds,0.7399,,
49,Four Rounds (Hypno Goggles),2.892551,four_rounds,0.132651,,
49,Four Rounds (Hypno Goggles),2.892551,three_rounds,0.627249,,
49,Four Rounds (Hypno Goggles),2.892551,two_rounds,0.2401,,
49,Five Rounds (Presentation),3.58265001,five_rounds,0.06765201,,
49,Five Rounds (Presentation),3.58265001,four_rounds,0.44734599,,
49,Five Rounds (Presentation),3.58265001,three_rounds,0.485002,,
49,Six Rounds (Presentation 1.2),4.244501495,six_rounds,0.0345025251,,
49,Six Rounds (Presentation 1.2),4.244501495,five_rounds,0.2931454449,,
49,Six Rounds (Presentation 1.2),4.244501495,four_rounds,0.55470303,,
49,Six Rounds (Presentation 1.2),4.244501495,three_rounds,0.117649,,
50,Two Rounds (Small Magnet),1.5,two_rounds,0.5,,
50,Two Rounds (Small Magnet),1.5,one_round,0.5,,
50,Three Rounds (Big Magnet),2.25,three_rounds,0.25,,
50,Three Rounds (Big Magnet),2.25,two_rounds,0.75,,
50,Four Rounds (Hypno Goggles),2.875,four_rounds,0.125,,
50,Four Rounds (Hypno Goggles),2.875,three_rounds,0.625,,
50,Four Rounds (Hypno Goggles),2.875,two_rounds,0.25,,
50,Five Rounds (Presentation),3.5625,five_rounds,0.0625,,
50,Five Rounds (Presentation),3.5625,four_rounds,0.4375,,
50,Five Rounds (Presentation),3.5625,three_rounds,0.5,,
50,Six Rounds (Presentation 1.2),4.21875,six_rounds,0.03125,,
50,Six Rounds (Presentation 1.2),4.21875,five_rounds,0.28125,,
50,Six Rounds (Presentation 1.2),4.21875,four_rounds,0.5625,,
50,Six Rounds (Presentation 1.2),4.21875,three_rounds,0.125,,
51,Two Rounds (Small Magnet),1.49,two_rounds,0.49,,
51,Two Rounds (Small Magnet),1.49,one_round,0.51,,
51,Three Rounds (Big Magnet),2.2401,three_rounds,0.2401,,
51,Three Rounds (Big Magnet),2.2401,two_rounds,0.7599,,
51,Four Rounds (Hypno Goggles),2.857549,four_rounds,0.117649,,
51,Four Rounds (Hypno Goggles),2.857549,three_rounds,0.622251,,
51,Four Rounds (Hypno Goggles),2.857549,two_rounds,0.2601,,
51,Five Rounds (Presentation),3.54265001,five_rounds,0.05764801,,
51,Five Rounds (Presentation),3.54265001,four_rounds,0.42735399,,
51,Five Rounds (Presentation),3.54265001,three_rounds,0.514998,,
51,Six Rounds (Presentation 1.2),4.193248495,six_rounds,0.0282475249,,
51,Six Rounds (Presentation 1.2),4.193248495,five_rounds,0.2694044451,,
51,Six Rounds (Presentation 1.2),4.193248495,four_rounds,0.56969703,,
51,Six Rounds (Presentation 1.2),4.193248495,three_rounds,0.132651,,
52,Two Rounds (Small Magnet),1.48,two_rounds,0.48,,
52,Two Rounds (Small Magnet),1.48,one_round,0.52,,
52,Three Rounds (Big Magnet),2.2304,three_rounds,0.2304,,
52,Three Rounds (Big Magnet),2.2304,two_rounds,0.7696,,
52,Four Rounds (Hypno Goggles),2.840192,four_rounds,0.110592,,
52,Four Rounds (Hypno Goggles),2.840192,three_rounds,0.619008,,
52,Four Rounds (Hypno Goggles),2.840192,two_rounds,0.2704,,
52,Five Rounds (Presentation),3.52310016,five_rounds,0.05308416,,
52,Five Rounds (Presentation),3.52310016,four_rounds,0.41693184,,
52,Five Rounds (Presentation),3.52310016,three_rounds,0.529984,,
52,Six Rounds (Presentation 1.2),4.167987917,six_rounds,0.0254803968,,
52,Six Rounds (Presentation 1.2),4.167987917,five_rounds,0.2576351232,,
52,Six Rounds (Presentation 1.2),4.167987917,four_rounds,0.57627648,,
52,Six Rounds (Presentation 1.2),4.167987917,three_rounds,0.140608,,
53,Two Rounds (Small Magnet),1.47,two_rounds,0.47,,
53,Two Rounds (Small Magnet),1.47,one_round,0.53,,
53,Three Rounds (Big Magnet),2.2209,three_rounds,0.2209,,
53,Three Rounds (Big Magnet),2.2209,two_rounds,0.7791,,
53,Four Rounds (Hypno Goggles),2.822923,four_rounds,0.103823,,
53,Four Rounds (Hypno Goggles),2.822923,three_rounds,0.615277,,
53,Four Rounds (Hypno Goggles),2.822923,two_rounds,0.2809,,
53,Five Rounds (Presentation),3.50385081,five_rounds,0.04879681,,
53,Five Rounds (Presentation),3.50385081,four_rounds,0.40625719,,
53,Five Rounds (Presentation),3.50385081,three_rounds,0.544946,,
53,Six Rounds (Presentation 1.2),4.142959071,six_rounds,0.0229345007,,
53,Six Rounds (Presentation 1.2),4.142959071,five_rounds,0.2459670693,,
53,Six Rounds (Presentation 1.2),4.142959071,four_rounds,0.58222143,,
53,Six Rounds (Presentation 1.2),4.142959071,three_rounds,0.148877,,
54,Two Rounds (Small Magnet),1.46,two_rounds,0.46,,
54,Two Rounds (Small Magnet),1.46,one_round,0.54,,
54,Three Rounds (Big Magnet),2.2116,three_rounds,0.2116,,
54,Three Rounds (Big Magnet),2.2116,two_rounds,0.7884,,
54,Four Rounds (Hypno Goggles),2.805736,four_rounds,0.097336,,
54,Four Rounds (Hypno Goggles),2.805736,three_rounds,0.611064,,
54,Four Rounds (Hypno Goggles),2.805736,two_rounds,0.2916,,
54,Five Rounds (Presentation),3.48490256,five_rounds,0.04477456,,
54,Five Rounds (Presentation),3.48490256,four_rounds,0.39535344,,
54,Five Rounds (Presentation),3.48490256,three_rounds,0.559872,,
54,Six Rounds (Presentation 1.2),4.118152618,six_rounds,0.0205962976,,
54,Six Rounds (Presentation 1.2),4.118152618,five_rounds,0.2344240224,,
54,Six Rounds (Presentation 1.2),4.118152618,four_rounds,0.58751568,,
54,Six Rounds (Presentation 1.2),4.118152618,three_rounds,0.157464,,
55,Two Rounds (Small Magnet),1.45,two_rounds,0.45,,
55,Two Rounds (Small Magnet),1.45,one_round,0.55,,
55,Three Rounds (Big Magnet),2.2025,three_rounds,0.2025,,
55,Three Rounds (Big Magnet),2.2025,two_rounds,0.7975,,
55,Four Rounds (Hypno Goggles),2.788625,four_rounds,0.091125,,
55,Four Rounds (Hypno Goggles),2.788625,three_rounds,0.606375,,
55,Four Rounds (Hypno Goggles),2.788625,two_rounds,0.3025,,
55,Five Rounds (Presentation),3.46625625,five_rounds,0.04100625,,
55,Five Rounds (Presentation),3.46625625,four_rounds,0.38424375,,
55,Five Rounds (Presentation),3.46625625,three_rounds,0.57475,,
55,Six Rounds (Presentation 1.2),4.093559063,six_rounds,0.0184528125,,
55,Six Rounds (Presentation 1.2),4.093559063,five_rounds,0.2230284375,,
55,Six Rounds (Presentation 1.2),4.093559063,four_rounds,0.59214375,,
55,Six Rounds (Presentation 1.2),4.093559063,three_rounds,0.166375,,
56,Two Rounds (Small Magnet),1.44,two_rounds,0.44,,
56,Two Rounds (Small Magnet),1.44,one_round,0.56,,
56,Three Rounds (Big Magnet),2.1936,three_rounds,0.1936,,
56,Three Rounds (Big Magnet),2.1936,two_rounds,0.8064,,
56,Four Rounds (Hypno Goggles),2.771584,four_rounds,0.085184,,
56,Four Rounds (Hypno Goggles),2.771584,three_rounds,0.601216,,
56,Four Rounds (Hypno Goggles),2.771584,two_rounds,0.3136,,
56,Five Rounds (Presentation),3.44791296,five_rounds,0.03748096,,
56,Five Rounds (Presentation),3.44791296,four_rounds,0.37295104,,
56,Five Rounds (Presentation),3.44791296,three_rounds,0.589568,,
56,Six Rounds (Presentation 1.2),4.069168742,six_rounds,0.0164916224,,
56,Six Rounds (Presentation 1.2),4.069168742,five_rounds,0.2118014976,,
56,Six Rounds (Presentation 1.2),4.069168742,four_rounds,0.59609088,,
56,Six Rounds (Presentation 1.2),4.069168742,three_rounds,0.175616,,
57,Two Rounds (Small Magnet),1.43,two_rounds,0.43,,
57,Two Rounds (Small Magnet),1.43,one_round,0.57,,
57,Three Rounds (Big Magnet),2.1849,three_rounds,0.1849,,
57,Three Rounds (Big Magnet),2.1849,two_rounds,0.8151,,
57,Four Rounds (Hypno Goggles),2.754607,four_rounds,0.079507,,
57,Four Rounds (Hypno Goggles),2.754607,three_rounds,0.595593,,
57,Four Rounds (Hypno Goggles),2.754607,two_rounds,0.3249,,
57,Five Rounds (Presentation),3.42987401,five_rounds,0.03418801,,
57,Five Rounds (Presentation),3.42987401,four_rounds,0.36149799,,
57,Five Rounds (Presentation),3.42987401,three_rounds,0.604314,,
57,Six Rounds (Presentation 1.2),4.044971814,six_rounds,0.0147008443,,
57,Six Rounds (Presentation 1.2),4.044971814,five_rounds,0.2007631257,,
57,Six Rounds (Presentation 1.2),4.044971814,four_rounds,0.59934303,,
57,Six Rounds (Presentation 1.2),4.044971814,three_rounds,0.185193,,
58,Two Rounds (Small Magnet),1.42,two_rounds,0.42,,
58,Two Rounds (Small Magnet),1.42,one_round,0.58,,
58,Three Rounds (Big Magnet),2.1764,three_rounds,0.1764,,
58,Three Rounds (Big Magnet),2.1764,two_rounds,0.8236,,
58,Four Rounds (Hypno Goggles),2.737688,four_rounds,0.074088,,
58,Four Rounds (Hypno Goggles),2.737688,three_rounds,0.589512,,
58,Four Rounds (Hypno Goggles),2.737688,two_rounds,0.3364,,
58,Five Rounds (Presentation),3.41214096,five_rounds,0.03111696,,
58,Five Rounds (Presentation),3.41214096,four_rounds,0.34990704,,
58,Five Rounds (Presentation),3.41214096,three_rounds,0.618976,,
58,Six Rounds (Presentation 1.2),4.020958243,six_rounds,0.0130691232,,
58,Six Rounds (Presentation 1.2),4.020958243,five_rounds,0.1899319968,,
58,Six Rounds (Presentation 1.2),4.020958243,four_rounds,0.60188688,,
58,Six Rounds (Presentation 1.2),4.020958243,three_rounds,0.195112,,
59,Two Rounds (Small Magnet),1.41,two_rounds,0.41,,
59,Two Rounds (Small Magnet),1.41,one_round,0.59,,
59,Three Rounds (Big Magnet),2.1681,three_rounds,0.1681,,
59,Three Rounds (Big Magnet),2.1681,two_rounds,0.8319,,
59,Four Rounds (Hypno Goggles),2.720821,four_rounds,0.068921,,
59,Four Rounds (Hypno Goggles),2.720821,three_rounds,0.582979,,
59,Four Rounds (Hypno Goggles),2.720821,two_rounds,0.3481,,
59,Five Rounds (Presentation),3.39471561,five_rounds,0.02825761,,
59,Five Rounds (Presentation),3.39471561,four_rounds,0.33820039,,
59,Five Rounds (Presentation),3.39471561,three_rounds,0.633542,,
59,Six Rounds (Presentation 1.2),3.99711779,six_rounds,0.0115856201,,
59,Six Rounds (Presentation 1.2),3.99711779,five_rounds,0.1793255499,,
59,Six Rounds (Presentation 1.2),3.99711779,four_rounds,0.60370983,,
59,Six Rounds (Presentation 1.2),3.99711779,three_rounds,0.205379,,
60,Two Rounds (Small Magnet),1.4,two_rounds,0.4,,
60,Two Rounds (Small Magnet),1.4,one_round,0.6,,
60,Three Rounds (Big Magnet),2.16,three_rounds,0.16,,
60,Three Rounds (Big Magnet),2.16,two_rounds,0.84,,
60,Four Rounds (Hypno Goggles),2.704,four_rounds,0.064,,
60,Four Rounds (Hypno Goggles),2.704,three_rounds,0.576,,
60,Four Rounds (Hypno Goggles),2.704,two_rounds,0.36,,
60,Five Rounds (Presentation),3.3776,five_rounds,0.0256,,
60,Five Rounds (Presentation),3.3776,four_rounds,0.3264,,
60,Five Rounds (Presentation),3.3776,three_rounds,0.648,,
60,Six Rounds (Presentation 1.2),3.97344,six_rounds,0.01024,,
60,Six Rounds (Presentation 1.2),3.97344,five_rounds,0.16896,,
60,Six Rounds (Presentation 1.2),3.97344,four_rounds,0.6048,,
60,Six Rounds (Presentation 1.2),3.97344,three_rounds,0.216,,
61,Two Rounds (Small Magnet),1.39,two_rounds,0.39,,
61,Two Rounds (Small Magnet),1.39,one_round,0.61,,
61,Three Rounds (Big Magnet),2.1521,three_rounds,0.1521,,
61,Three Rounds (Big Magnet),2.1521,two_rounds,0.8479,,
61,Four Rounds (Hypno Goggles),2.687219,four_rounds,0.059319,,
61,Four Rounds (Hypno Goggles),2.687219,three_rounds,0.568581,,
61,Four Rounds (Hypno Goggles),2.687219,two_rounds,0.3721,,
61,Five Rounds (Presentation),3.36079641,five_rounds,0.02313441,,
61,Five Rounds (Presentation),3.36079641,four_rounds,0.31452759,,
61,Five Rounds (Presentation),3.36079641,three_rounds,0.662338,,
61,Six Rounds (Presentation 1.2),3.94991419,six_rounds,0.0090224199,,
61,Six Rounds (Presentation 1.2),3.94991419,five_rounds,0.1588503501,,
61,Six Rounds (Presentation 1.2),3.94991419,four_rounds,0.60514623,,
61,Six Rounds (Presentation 1.2),3.94991419,three_rounds,0.226981,,
62,Two Rounds (Small Magnet),1.38,two_rounds,0.38,,
62,Two Rounds (Small Magnet),1.38,one_round,0.62,,
62,Three Rounds (Big Magnet),2.1444,three_rounds,0.1444,,
62,Three Rounds (Big Magnet),2.1444,two_rounds,0.8556,,
62,Four Rounds (Hypno Goggles),2.670472,four_rounds,0.054872,,
62,Four Rounds (Hypno Goggles),2.670472,three_rounds,0.560728,,
62,Four Rounds (Hypno Goggles),2.670472,two_rounds,0.3844,,
62,Five Rounds (Presentation),3.34430736,five_rounds,0.02085136,,
62,Five Rounds (Presentation),3.34430736,four_rounds,0.30260464,,
62,Five Rounds (Presentation),3.34430736,three_rounds,0.676544,,
62,Six Rounds (Presentation 1.2),3.926529437,six_rounds,0.0079235168,,
62,Six Rounds (Presentation 1.2),3.926529437,five_rounds,0.1490104032,,
62,Six Rounds (Presentation 1.2),3.926529437,four_rounds,0.60473808,,
62,Six Rounds (Presentation 1.2),3.926529437,three_rounds,0.238328,,
63,Two Rounds (Small Magnet),1.37,two_rounds,0.37,,
63,Two Rounds (Small Magnet),1.37,one_round,0.63,,
63,Three Rounds (Big Magnet),2.1369,three_rounds,0.1369,,
63,Three Rounds (Big Magnet),2.1369,two_rounds,0.8631,,
63,Four Rounds (Hypno Goggles),2.653753,four_rounds,0.050653,,
63,Four Rounds (Hypno Goggles),2.653753,three_rounds,0.552447,,
63,Four Rounds (Hypno Goggles),2.653753,two_rounds,0.3969,,
63,Five Rounds (Presentation),3.32813561,five_rounds,0.01874161,,
63,Five Rounds (Presentation),3.32813561,four_rounds,0.29065239,,
63,Five Rounds (Presentation),3.32813561,three_rounds,0.690606,,
63,Six Rounds (Presentation 1.2),3.903274566,six_rounds,0.0069343957,,
63,Six Rounds (Presentation 1.2),3.903274566,five_rounds,0.1394527743,,
63,Six Rounds (Presentation 1.2),3.903274566,four_rounds,0.60356583,,
63,Six Rounds (Presentation 1.2),3.903274566,three_rounds,0.250047,,
64,Two Rounds (Small Magnet),1.36,two_rounds,0.36,,
64,Two Rounds (Small Magnet),1.36,one_round,0.64,,
64,Three Rounds (Big Magnet),2.1296,three_rounds,0.1296,,
64,Three Rounds (Big Magnet),2.1296,two_rounds,0.8704,,
64,Four Rounds (Hypno Goggles),2.637056,four_rounds,0.046656,,
64,Four Rounds (Hypno Goggles),2.637056,three_rounds,0.543744,,
64,Four Rounds (Hypno Goggles),2.637056,two_rounds,0.4096,,
64,Five Rounds (Presentation),3.31228416,five_rounds,0.01679616,,
64,Five Rounds (Presentation),3.31228416,four_rounds,0.27869184,,
64,Five Rounds (Presentation),3.31228416,three_rounds,0.704512,,
64,Six Rounds (Presentation 1.2),3.880138138,six_rounds,0.0060466176,,
64,Six Rounds (Presentation 1.2),3.880138138,five_rounds,0.1301889024,,
64,Six Rounds (Presentation 1.2),3.880138138,four_rounds,0.60162048,,
64,Six Rounds (Presentation 1.2),3.880138138,three_rounds,0.262144,,
65,Two Rounds (Small Magnet),1.35,two_rounds,0.35,,
65,Two Rounds (Small Magnet),1.35,one_round,0.65,,
65,Three Rounds (Big Magnet),2.1225,three_rounds,0.1225,,
65,Three Rounds (Big Magnet),2.1225,two_rounds,0.8775,,
65,Four Rounds (Hypno Goggles),2.620375,four_rounds,0.042875,,
65,Four Rounds (Hypno Goggles),2.620375,three_rounds,0.534625,,
65,Four Rounds (Hypno Goggles),2.620375,two_rounds,0.4225,,
65,Five Rounds (Presentation),3.29675625,five_rounds,0.01500625,,
65,Five Rounds (Presentation),3.29675625,four_rounds,0.26674375,,
65,Five Rounds (Presentation),3.29675625,three_rounds,0.71825,,
65,Six Rounds (Presentation 1.2),3.857108438,six_rounds,0.0052521875,,
65,Six Rounds (Presentation 1.2),3.857108438,five_rounds,0.1212290625,,
65,Six Rounds (Presentation 1.2),3.857108438,four_rounds,0.59889375,,
65,Six Rounds (Presentation 1.2),3.857108438,three_rounds,0.274625,,
66,Two Rounds (Small Magnet),1.34,two_rounds,0.34,,
66,Two Rounds (Small Magnet),1.34,one_round,0.66,,
66,Three Rounds (Big Magnet),2.1156,three_rounds,0.1156,,
66,Three Rounds (Big Magnet),2.1156,two_rounds,0.8844,,
66,Four Rounds (Hypno Goggles),2.603704,four_rounds,0.039304,,
66,Four Rounds (Hypno Goggles),2.603704,three_rounds,0.525096,,
66,Four Rounds (Hypno Goggles),2.603704,two_rounds,0.4356,,
66,Five Rounds (Presentation),3.28155536,five_rounds,0.01336336,,
66,Five Rounds (Presentation),3.28155536,four_rounds,0.25482864,,
66,Five Rounds (Presentation),3.28155536,three_rounds,0.731808,,
66,Six Rounds (Presentation 1.2),3.834173462,six_rounds,0.0045435424,,
66,Six Rounds (Presentation 1.2),3.834173462,five_rounds,0.1125823776,,
66,Six Rounds (Presentation 1.2),3.834173462,four_rounds,0.59537808,,
66,Six Rounds (Presentation 1.2),3.834173462,three_rounds,0.287496,,
67,Two Rounds (Small Magnet),1.33,two_rounds,0.33,,
67,Two Rounds (Small Magnet),1.33,one_round,0.67,,
67,Three Rounds (Big Magnet),2.1089,three_rounds,0.1089,,
67,Three Rounds (Big Magnet),2.1089,two_rounds,0.8911,,
67,Four Rounds (Hypno Goggles),2.587037,four_rounds,0.035937,,
67,Four Rounds (Hypno Goggles),2.587037,three_rounds,0.515163,,
67,Four Rounds (Hypno Goggles),2.587037,two_rounds,0.4489,,
67,Five Rounds (Presentation),3.26668521,five_rounds,0.01185921,,
67,Five Rounds (Presentation),3.26668521,four_rounds,0.24296679,,
67,Five Rounds (Presentation),3.26668521,three_rounds,0.745174,,
67,Six Rounds (Presentation 1.2),3.811320909,six_rounds,0.0039135393,,
67,Six Rounds (Presentation 1.2),3.811320909,five_rounds,0.1042568307,,
67,Six Rounds (Presentation 1.2),3.811320909,four_rounds,0.59106663,,
67,Six Rounds (Presentation 1.2),3.811320909,three_rounds,0.300763,,
68,Two Rounds (Small Magnet),1.32,two_rounds,0.32,,
68,Two Rounds (Small Magnet),1.32,one_round,0.68,,
68,Three Rounds (Big Magnet),2.1024,three_rounds,0.1024,,
68,Three Rounds (Big Magnet),2.1024,two_rounds,0.8976,,
68,Four Rounds (Hypno Goggles),2.570368,four_rounds,0.032768,,
68,Four Rounds (Hypno Goggles),2.570368,three_rounds,0.504832,,
68,Four Rounds (Hypno Goggles),2.570368,two_rounds,0.4624,,
68,Five Rounds (Presentation),3.25214976,five_rounds,0.01048576,,
68,Five Rounds (Presentation),3.25214976,four_rounds,0.23117824,,
68,Five Rounds (Presentation),3.25214976,three_rounds,0.758336,,
68,Six Rounds (Presentation 1.2),3.788538163,six_rounds,0.0033554432,,
68,Six Rounds (Presentation 1.2),3.788538163,five_rounds,0.0962592768,,
68,Six Rounds (Presentation 1.2),3.788538163,four_rounds,0.58595328,,
68,Six Rounds (Presentation 1.2),3.788538163,three_rounds,0.314432,,
69,Two Rounds (Small Magnet),1.31,two_rounds,0.31,,
69,Two Rounds (Small Magnet),1.31,one_round,0.69,,
69,Three Rounds (Big Magnet),2.0961,three_rounds,0.0961,,
69,Three Rounds (Big Magnet),2.0961,two_rounds,0.9039,,
69,Four Rounds (Hypno Goggles),2.553691,four_rounds,0.029791,,
69,Four Rounds (Hypno Goggles),2.553691,three_rounds,0.494109,,
69,Four Rounds (Hypno Goggles),2.553691,two_rounds,0.4761,,
69,Five Rounds (Presentation),3.23795321,five_rounds,0.00923521,,
69,Five Rounds (Presentation),3.23795321,four_rounds,0.21948279,,
69,Five Rounds (Presentation),3.23795321,three_rounds,0.771282,,
69,Six Rounds (Presentation 1.2),3.765812285,six_rounds,0.0028629151,,
69,Six Rounds (Presentation 1.2),3.765812285,five_rounds,0.0885954549,,
69,Six Rounds (Presentation 1.2),3.765812285,four_rounds,0.58003263,,
69,Six Rounds (Presentation 1.2),3.765812285,three_rounds,0.328509,,
70,Two Rounds (Small Magnet),1.3,two_rounds,0.3,,
70,Two Rounds (Small Magnet),1.3,one_round,0.7,,
70,Three Rounds (Big Magnet),2.09,three_rounds,0.09,,
70,Three Rounds (Big Magnet),2.09,two_rounds,0.91,,
70,Four Rounds (Hypno Goggles),2.537,four_rounds,0.027,,
70,Four Rounds (Hypno Goggles),2.537,three_rounds,0.483,,
70,Four Rounds (Hypno Goggles),2.537,two_rounds,0.49,,
70,Five Rounds (Presentation),3.2241,five_rounds,0.0081,,
70,Five Rounds (Presentation),3.2241,four_rounds,0.2079,,
70,Five Rounds (Presentation),3.2241,three_rounds,0.784,,
70,Six Rounds (Presentation 1.2),3.74313,six_rounds,0.00243,,
70,Six Rounds (Presentation 1.2),3.74313,five_rounds,0.08127,,
70,Six Rounds (Presentation 1.2),3.74313,four_rounds,0.5733,,
70,Six Rounds (Presentation 1.2),3.74313,three_rounds,0.343,,
71,Two Rounds (Small Magnet),1.29,two_rounds,0.29,,
71,Two Rounds (Small Magnet),1.29,one_round,0.71,,
71,Three Rounds (Big Magnet),2.0841,three_rounds,0.0841,,
71,Three Rounds (Big Magnet),2.0841,two_rounds,0.9159,,
71,Four Rounds (Hypno Goggles),2.520289,four_rounds,0.024389,,
71,Four Rounds (Hypno Goggles),2.520289,three_rounds,0.471511,,
71,Four Rounds (Hypno Goggles),2.520289,two_rounds,0.5041,,
71,Five Rounds (Presentation),3.21059481,five_rounds,0.00707281,,
71,Five Rounds (Presentation),3.21059481,four_rounds,0.19644919,,
71,Five Rounds (Presentation),3.21059481,three_rounds,0.796478,,
71,Six Rounds (Presentation 1.2),3.720477685,six_rounds,0.0020511149,,
71,Six Rounds (Presentation 1.2),3.720477685,five_rounds,0.0742864551,,
71,Six Rounds (Presentation 1.2),3.720477685,four_rounds,0.56575143,,
71,Six Rounds (Presentation 1.2),3.720477685,three_rounds,0.357911,,
72,Two Rounds (Small Magnet),1.28,two_rounds,0.28,,
72,Two Rounds (Small Magnet),1.28,one_round,0.72,,
72,Three Rounds (Big Magnet),2.0784,three_rounds,0.0784,,
72,Three Rounds (Big Magnet),2.0784,two_rounds,0.9216,,
72,Four Rounds (Hypno Goggles),2.503552,four_rounds,0.021952,,
72,Four Rounds (Hypno Goggles),2.503552,three_rounds,0.459648,,
72,Four Rounds (Hypno Goggles),2.503552,two_rounds,0.5184,,
72,Five Rounds (Presentation),3.19744256,five_rounds,0.00614656,,
72,Five Rounds (Presentation),3.19744256,four_rounds,0.18514944,,
72,Five Rounds (Presentation),3.19744256,three_rounds,0.808704,,
72,Six Rounds (Presentation 1.2),3.697841357,six_rounds,0.0017210368,,
72,Six Rounds (Presentation 1.2),3.697841357,five_rounds,0.0676472832,,
72,Six Rounds (Presentation 1.2),3.697841357,four_rounds,0.55738368,,
72,Six Rounds (Presentation 1.2),3.697841357,three_rounds,0.373248,,
73,Two Rounds (Small Magnet),1.27,two_rounds,0.27,,
73,Two Rounds (Small Magnet),1.27,one_round,0.73,,
73,Three Rounds (Big Magnet),2.0729,three_rounds,0.0729,,
73,Three Rounds (Big Magnet),2.0729,two_rounds,0.9271,,
73,Four Rounds (Hypno Goggles),2.486783,four_rounds,0.019683,,
73,Four Rounds (Hypno Goggles),2.486783,three_rounds,0.447417,,
73,Four Rounds (Hypno Goggles),2.486783,two_rounds,0.5329,,
73,Five Rounds (Presentation),3.18464841,five_rounds,0.00531441,,
73,Five Rounds (Presentation),3.18464841,four_rounds,0.17401959,,
73,Five Rounds (Presentation),3.18464841,three_rounds,0.820666,,
73,Six Rounds (Presentation 1.2),3.675206661,six_rounds,0.0014348907,,
73,Six Rounds (Presentation 1.2),3.675206661,five_rounds,0.0613538793,,
73,Six Rounds (Presentation 1.2),3.675206661,four_rounds,0.54819423,,
73,Six Rounds (Presentation 1.2),3.675206661,three_rounds,0.389017,,
74,Two Rounds (Small Magnet),1.26,two_rounds,0.26,,
74,Two Rounds (Small Magnet),1.26,one_round,0.74,,
74,Three Rounds (Big Magnet),2.0676,three_rounds,0.0676,,
74,Three Rounds (Big Magnet),2.0676,two_rounds,0.9324,,
74,Four Rounds (Hypno Goggles),2.469976,four_rounds,0.017576,,
74,Four Rounds (Hypno Goggles),2.469976,three_rounds,0.434824,,
74,Four Rounds (Hypno Goggles),2.469976,two_rounds,0.5476,,
74,Five Rounds (Presentation),3.17221776,five_rounds,0.00456976,,
74,Five Rounds (Presentation),3.17221776,four_rounds,0.16307824,,
74,Five Rounds (Presentation),3.17221776,three_rounds,0.832352,,
74,Six Rounds (Presentation 1.2),3.652558858,six_rounds,0.0011881376,,
74,Six Rounds (Presentation 1.2),3.652558858,five_rounds,0.0554065824,,
74,Six Rounds (Presentation 1.2),3.652558858,four_rounds,0.53818128,,
74,Six Rounds (Presentation 1.2),3.652558858,three_rounds,0.405224,,
75,Two Rounds (Small Magnet),1.25,two_rounds,0.25,,
75,Two Rounds (Small Magnet),1.25,one_round,0.75,,
75,Three Rounds (Big Magnet),2.0625,three_rounds,0.0625,,
75,Three Rounds (Big Magnet),2.0625,two_rounds,0.9375,,
75,Four Rounds (Hypno Goggles),2.453125,four_rounds,0.015625,,
75,Four Rounds (Hypno Goggles),2.453125,three_rounds,0.421875,,
75,Four Rounds (Hypno Goggles),2.453125,two_rounds,0.5625,,
75,Five Rounds (Presentation),3.16015625,five_rounds,0.00390625,,
75,Five Rounds (Presentation),3.16015625,four_rounds,0.15234375,,
75,Five Rounds (Presentation),3.16015625,three_rounds,0.84375,,
75,Six Rounds (Presentation 1.2),3.629882813,six_rounds,0.0009765625,,
75,Six Rounds (Presentation 1.2),3.629882813,five_rounds,0.0498046875,,
75,Six Rounds (Presentation 1.2),3.629882813,four_rounds,0.52734375,,
75,Six Rounds (Presentation 1.2),3.629882813,three_rounds,0.421875,,
76,Two Rounds (Small Magnet),1.24,two_rounds,0.24,,
76,Two Rounds (Small Magnet),1.24,one_round,0.76,,
76,Three Rounds (Big Magnet),2.0576,three_rounds,0.0576,,
76,Three Rounds (Big Magnet),2.0576,two_rounds,0.9424,,
76,Four Rounds (Hypno Goggles),2.436224,four_rounds,0.013824,,
76,Four Rounds (Hypno Goggles),2.436224,three_rounds,0.408576,,
76,Four Rounds (Hypno Goggles),2.436224,two_rounds,0.5776,,
76,Five Rounds (Presentation),3.14846976,five_rounds,0.00331776,,
76,Five Rounds (Presentation),3.14846976,four_rounds,0.14183424,,
76,Five Rounds (Presentation),3.14846976,three_rounds,0.854848,,
76,Six Rounds (Presentation 1.2),3.607162982,six_rounds,0.0007962624,,
76,Six Rounds (Presentation 1.2),3.607162982,five_rounds,0.0445464576,,
76,Six Rounds (Presentation 1.2),3.607162982,four_rounds,0.51568128,,
76,Six Rounds (Presentation 1.2),3.607162982,three_rounds,0.438976,,
77,Two Rounds (Small Magnet),1.23,two_rounds,0.23,,
77,Two Rounds (Small Magnet),1.23,one_round,0.77,,
77,Three Rounds (Big Magnet),2.0529,three_rounds,0.0529,,
77,Three Rounds (Big Magnet),2.0529,two_rounds,0.9471,,
77,Four Rounds (Hypno Goggles),2.419267,four_rounds,0.012167,,
77,Four Rounds (Hypno Goggles),2.419267,three_rounds,0.394933,,
77,Four Rounds (Hypno Goggles),2.419267,two_rounds,0.5929,,
77,Five Rounds (Presentation),3.13716441,five_rounds,0.00279841,,
77,Five Rounds (Presentation),3.13716441,four_rounds,0.13156759,,
77,Five Rounds (Presentation),3.13716441,three_rounds,0.865634,,
77,Six Rounds (Presentation 1.2),3.584383404,six_rounds,0.0006436343,,
77,Six Rounds (Presentation 1.2),3.584383404,five_rounds,0.0396291357,,
77,Six Rounds (Presentation 1.2),3.584383404,four_rounds,0.50319423,,
77,Six Rounds (Presentation 1.2),3.584383404,three_rounds,0.456533,,
78,Two Rounds (Small Magnet),1.22,two_rounds,0.22,,
78,Two Rounds (Small Magnet),1.22,one_round,0.78,,
78,Three Rounds (Big Magnet),2.0484,three_rounds,0.0484,,
78,Three Rounds (Big Magnet),2.0484,two_rounds,0.9516,,
78,Four Rounds (Hypno Goggles),2.402248,four_rounds,0.010648,,
78,Four Rounds (Hypno Goggles),2.402248,three_rounds,0.380952,,
78,Four Rounds (Hypno Goggles),2.402248,two_rounds,0.6084,,
78,Five Rounds (Presentation),3.12624656,five_rounds,0.00234256,,
78,Five Rounds (Presentation),3.12624656,four_rounds,0.12156144,,
78,Five Rounds (Presentation),3.12624656,three_rounds,0.876096,,
78,Six Rounds (Presentation 1.2),3.561527683,six_rounds,0.0005153632,,
78,Six Rounds (Presentation 1.2),3.561527683,five_rounds,0.0350489568,,
78,Six Rounds (Presentation 1.2),3.561527683,four_rounds,0.48988368,,
78,Six Rounds (Presentation 1.2),3.561527683,three_rounds,0.474552,,
79,Two Rounds (Small Magnet),1.21,two_rounds,0.21,,
79,Two Rounds (Small Magnet),1.21,one_round,0.79,,
79,Three Rounds (Big Magnet),2.0441,three_rounds,0.0441,,
79,Three Rounds (Big Magnet),2.0441,two_rounds,0.9559,,
79,Four Rounds (Hypno Goggles),2.385161,four_rounds,0.009261,,
79,Four Rounds (Hypno Goggles),2.385161,three_rounds,0.366639,,
79,Four Rounds (Hypno Goggles),2.385161,two_rounds,0.6241,,
79,Five Rounds (Presentation),3.11572281,five_rounds,0.00194481,,
79,Five Rounds (Presentation),3.11572281,four_rounds,0.11183319,,
79,Five Rounds (Presentation),3.11572281,three_rounds,0.886222,,
79,Six Rounds (Presentation 1.2),3.53857898,six_rounds,0.0004084101,,
79,Six Rounds (Presentation 1.2),3.53857898,five_rounds,0.0308011599,,
79,Six Rounds (Presentation 1.2),3.53857898,four_rounds,0.47575143,,
79,Six Rounds (Presentation 1.2),3.53857898,three_rounds,0.493039,,
80,Two Rounds (Small Magnet),1.2,two_rounds,0.2,,
80,Two Rounds (Small Magnet),1.2,one_round,0.8,,
80,Three Rounds (Big Magnet),2.04,three_rounds,0.04,,
80,Three Rounds (Big Magnet),2.04,two_rounds,0.96,,
80,Four Rounds (Hypno Goggles),2.368,four_rounds,0.008,,
80,Four Rounds (Hypno Goggles),2.368,three_rounds,0.352,,
80,Four Rounds (Hypno Goggles),2.368,two_rounds,0.64,,
80,Five Rounds (Presentation),3.1056,five_rounds,0.0016,,
80,Five Rounds (Presentation),3.1056,four_rounds,0.1024,,
80,Five Rounds (Presentation),3.1056,three_rounds,0.896,,
80,Six Rounds (Presentation 1.2),3.51552,six_rounds,0.00032,,
80,Six Rounds (Presentation 1.2),3.51552,five_rounds,0.02688,,
80,Six Rounds (Presentation 1.2),3.51552,four_rounds,0.4608,,
80,Six Rounds (Presentation 1.2),3.51552,three_rounds,0.512,,
81,Two Rounds (Small Magnet),1.19,two_rounds,0.19,,
81,Two Rounds (Small Magnet),1.19,one_round,0.81,,
81,Three Rounds (Big Magnet),2.0361,three_rounds,0.0361,,
81,Three Rounds (Big Magnet),2.0361,two_rounds,0.9639,,
81,Four Rounds (Hypno Goggles),2.350759,four_rounds,0.006859,,
81,Four Rounds (Hypno Goggles),2.350759,three_rounds,0.337041,,
81,Four Rounds (Hypno Goggles),2.350759,two_rounds,0.6561,,
81,Five Rounds (Presentation),3.09588521,five_rounds,0.00130321,,
81,Five Rounds (Presentation),3.09588521,four_rounds,0.09327879,,
81,Five Rounds (Presentation),3.09588521,three_rounds,0.905418,,
81,Six Rounds (Presentation 1.2),3.49233298,six_rounds,0.0002476099,,
81,Six Rounds (Presentation 1.2),3.49233298,five_rounds,0.0232787601,,
81,Six Rounds (Presentation 1.2),3.49233298,four_rounds,0.44503263,,
81,Six Rounds (Presentation 1.2),3.49233298,three_rounds,0.531441,,
82,Two Rounds (Small Magnet),1.18,two_rounds,0.18,,
82,Two Rounds (Small Magnet),1.18,one_round,0.82,,
82,Three Rounds (Big Magnet),2.0324,three_rounds,0.0324,,
82,Three Rounds (Big Magnet),2.0324,two_rounds,0.9676,,
82,Four Rounds (Hypno Goggles),2.333432,four_rounds,0.005832,,
82,Four Rounds (Hypno Goggles),2.333432,three_rounds,0.321768,,
82,Four Rounds (Hypno Goggles),2.333432,two_rounds,0.6724,,
82,Five Rounds (Presentation),3.08658576,five_rounds,0.00104976,,
82,Five Rounds (Presentation),3.08658576,four_rounds,0.08448624,,
82,Five Rounds (Presentation),3.08658576,three_rounds,0.914464,,
82,Six Rounds (Presentation 1.2),3.468999677,six_rounds,0.0001889568,,
82,Six Rounds (Presentation 1.2),3.468999677,five_rounds,0.0199897632,,
82,Six Rounds (Presentation 1.2),3.468999677,four_rounds,0.42845328,,
82,Six Rounds (Presentation 1.2),3.468999677,three_rounds,0.551368,,
83,Two Rounds (Small Magnet),1.17,two_rounds,0.17,,
83,Two Rounds (Small Magnet),1.17,one_round,0.83,,
83,Three Rounds (Big Magnet),2.0289,three_rounds,0.0289,,
83,Three Rounds (Big Magnet),2.0289,two_rounds,0.9711,,
83,Four Rounds (Hypno Goggles),2.316013,four_rounds,0.004913,,
83,Four Rounds (Hypno Goggles),2.316013,three_rounds,0.306187,,
83,Four Rounds (Hypno Goggles),2.316013,two_rounds,0.6889,,
83,Five Rounds (Presentation),3.07770921,five_rounds,0.00083521,,
83,Five Rounds (Presentation),3.07770921,four_rounds,0.07603879,,
83,Five Rounds (Presentation),3.07770921,three_rounds,0.923126,,
83,Six Rounds (Presentation 1.2),3.445501356,six_rounds,0.0001419857,,
83,Six Rounds (Presentation 1.2),3.445501356,five_rounds,0.0170043843,,
83,Six Rounds (Presentation 1.2),3.445501356,four_rounds,0.41106663,,
83,Six Rounds (Presentation 1.2),3.445501356,three_rounds,0.571787,,
84,Two Rounds (Small Magnet),1.16,two_rounds,0.16,,
84,Two Rounds (Small Magnet),1.16,one_round,0.84,,
84,Three Rounds (Big Magnet),2.0256,three_rounds,0.0256,,
84,Three Rounds (Big Magnet),2.0256,two_rounds,0.9744,,
84,Four Rounds (Hypno Goggles),2.298496,four_rounds,0.004096,,
84,Four Rounds (Hypno Goggles),2.298496,three_rounds,0.290304,,
84,Four Rounds (Hypno Goggles),2.298496,two_rounds,0.7056,,
84,Five Rounds (Presentation),3.06926336,five_rounds,0.00065536,,
84,Five Rounds (Presentation),3.06926336,four_rounds,0.06795264,,
84,Five Rounds (Presentation),3.06926336,three_rounds,0.931392,,
84,Six Rounds (Presentation 1.2),3.421818778,six_rounds,0.0001048576,,
84,Six Rounds (Presentation 1.2),3.421818778,five_rounds,0.0143130624,,
84,Six Rounds (Presentation 1.2),3.421818778,four_rounds,0.39287808,,
84,Six Rounds (Presentation 1.2),3.421818778,three_rounds,0.592704,,
85,Two Rounds (Small Magnet),1.15,two_rounds,0.15,,
85,Two Rounds (Small Magnet),1.15,one_round,0.85,,
85,Three Rounds (Big Magnet),2.0225,three_rounds,0.0225,,
85,Three Rounds (Big Magnet),2.0225,two_rounds,0.9775,,
85,Four Rounds (Hypno Goggles),2.280875,four_rounds,0.003375,,
85,Four Rounds (Hypno Goggles),2.280875,three_rounds,0.274125,,
85,Four Rounds (Hypno Goggles),2.280875,two_rounds,0.7225,,
85,Five Rounds (Presentation),3.06125625,five_rounds,0.00050625,,
85,Five Rounds (Presentation),3.06125625,four_rounds,0.06024375,,
85,Five Rounds (Presentation),3.06125625,three_rounds,0.93925,,
85,Six Rounds (Presentation 1.2),3.397932188,six_rounds,7.59E-05,,
85,Six Rounds (Presentation 1.2),3.397932188,five_rounds,0.0119053125,,
85,Six Rounds (Presentation 1.2),3.397932188,four_rounds,0.37389375,,
85,Six Rounds (Presentation 1.2),3.397932188,three_rounds,0.614125,,
86,Two Rounds (Small Magnet),1.14,two_rounds,0.14,,
86,Two Rounds (Small Magnet),1.14,one_round,0.86,,
86,Three Rounds (Big Magnet),2.0196,three_rounds,0.0196,,
86,Three Rounds (Big Magnet),2.0196,two_rounds,0.9804,,
86,Four Rounds (Hypno Goggles),2.263144,four_rounds,0.002744,,
86,Four Rounds (Hypno Goggles),2.263144,three_rounds,0.257656,,
86,Four Rounds (Hypno Goggles),2.263144,two_rounds,0.7396,,
86,Five Rounds (Presentation),3.05369616,five_rounds,0.00038416,,
86,Five Rounds (Presentation),3.05369616,four_rounds,0.05292784,,
86,Five Rounds (Presentation),3.05369616,three_rounds,0.946688,,
86,Six Rounds (Presentation 1.2),3.373821302,six_rounds,5.38E-05,,
86,Six Rounds (Presentation 1.2),3.373821302,five_rounds,0.0097697376,,
86,Six Rounds (Presentation 1.2),3.373821302,four_rounds,0.35412048,,
86,Six Rounds (Presentation 1.2),3.373821302,three_rounds,0.636056,,
87,Two Rounds (Small Magnet),1.13,two_rounds,0.13,,
87,Two Rounds (Small Magnet),1.13,one_round,0.87,,
87,Three Rounds (Big Magnet),2.0169,three_rounds,0.0169,,
87,Three Rounds (Big Magnet),2.0169,two_rounds,0.9831,,
87,Four Rounds (Hypno Goggles),2.245297,four_rounds,0.002197,,
87,Four Rounds (Hypno Goggles),2.245297,three_rounds,0.240903,,
87,Four Rounds (Hypno Goggles),2.245297,two_rounds,0.7569,,
87,Five Rounds (Presentation),3.04659161,five_rounds,0.00028561,,
87,Five Rounds (Presentation),3.04659161,four_rounds,0.04602039,,
87,Five Rounds (Presentation),3.04659161,three_rounds,0.953694,,
87,Six Rounds (Presentation 1.2),3.349465299,six_rounds,3.71E-05,,
87,Six Rounds (Presentation 1.2),3.349465299,five_rounds,0.0078940407,,
87,Six Rounds (Presentation 1.2),3.349465299,four_rounds,0.33356583,,
87,Six Rounds (Presentation 1.2),3.349465299,three_rounds,0.658503,,
88,Two Rounds (Small Magnet),1.12,two_rounds,0.12,,
88,Two Rounds (Small Magnet),1.12,one_round,0.88,,
88,Three Rounds (Big Magnet),2.0144,three_rounds,0.0144,,
88,Three Rounds (Big Magnet),2.0144,two_rounds,0.9856,,
88,Four Rounds (Hypno Goggles),2.227328,four_rounds,0.001728,,
88,Four Rounds (Hypno Goggles),2.227328,three_rounds,0.223872,,
88,Four Rounds (Hypno Goggles),2.227328,two_rounds,0.7744,,
88,Five Rounds (Presentation),3.03995136,five_rounds,0.00020736,,
88,Five Rounds (Presentation),3.03995136,four_rounds,0.03953664,,
88,Five Rounds (Presentation),3.03995136,three_rounds,0.960256,,
88,Six Rounds (Presentation 1.2),3.324842803,six_rounds,2.49E-05,,
88,Six Rounds (Presentation 1.2),3.324842803,five_rounds,0.0062650368,,
88,Six Rounds (Presentation 1.2),3.324842803,four_rounds,0.31223808,,
88,Six Rounds (Presentation 1.2),3.324842803,three_rounds,0.681472,,
89,Two Rounds (Small Magnet),1.11,two_rounds,0.11,,
89,Two Rounds (Small Magnet),1.11,one_round,0.89,,
89,Three Rounds (Big Magnet),2.0121,three_rounds,0.0121,,
89,Three Rounds (Big Magnet),2.0121,two_rounds,0.9879,,
89,Four Rounds (Hypno Goggles),2.209231,four_rounds,0.001331,,
89,Four Rounds (Hypno Goggles),2.209231,three_rounds,0.206569,,
89,Four Rounds (Hypno Goggles),2.209231,two_rounds,0.7921,,
89,Five Rounds (Presentation),3.03378441,five_rounds,0.00014641,,
89,Five Rounds (Presentation),3.03378441,four_rounds,0.03349159,,
89,Five Rounds (Presentation),3.03378441,three_rounds,0.966362,,
89,Six Rounds (Presentation 1.2),3.299931875,six_rounds,1.61E-05,,
89,Six Rounds (Presentation 1.2),3.299931875,five_rounds,0.0048686649,,
89,Six Rounds (Presentation 1.2),3.299931875,four_rounds,0.29014623,,
89,Six Rounds (Presentation 1.2),3.299931875,three_rounds,0.704969,,
90,Two Rounds (Small Magnet),1.1,two_rounds,0.1,,
90,Two Rounds (Small Magnet),1.1,one_round,0.9,,
90,Three Rounds (Big Magnet),2.01,three_rounds,0.01,,
90,Three Rounds (Big Magnet),2.01,two_rounds,0.99,,
90,Four Rounds (Hypno Goggles),2.191,four_rounds,0.001,,
90,Four Rounds (Hypno Goggles),2.191,three_rounds,0.189,,
90,Four Rounds (Hypno Goggles),2.191,two_rounds,0.81,,
90,Five Rounds (Presentation),3.0281,five_rounds,1.00E-04,,
90,Five Rounds (Presentation),3.0281,four_rounds,0.0279,,
90,Five Rounds (Presentation),3.0281,three_rounds,0.972,,
90,Six Rounds (Presentation 1.2),3.27471,six_rounds,1.00E-05,,
90,Six Rounds (Presentation 1.2),3.27471,five_rounds,0.00369,,
90,Six Rounds (Presentation 1.2),3.27471,four_rounds,0.2673,,
90,Six Rounds (Presentation 1.2),3.27471,three_rounds,0.729,,
91,Two Rounds (Small Magnet),1.09,two_rounds,0.09,,
91,Two Rounds (Small Magnet),1.09,one_round,0.91,,
91,Three Rounds (Big Magnet),2.0081,three_rounds,0.0081,,
91,Three Rounds (Big Magnet),2.0081,two_rounds,0.9919,,
91,Four Rounds (Hypno Goggles),2.172629,four_rounds,0.000729,,
91,Four Rounds (Hypno Goggles),2.172629,three_rounds,0.171171,,
91,Four Rounds (Hypno Goggles),2.172629,two_rounds,0.8281,,
91,Five Rounds (Presentation),3.02290761,five_rounds,6.56E-05,,
91,Five Rounds (Presentation),3.02290761,four_rounds,0.02277639,,
91,Five Rounds (Presentation),3.02290761,three_rounds,0.977158,,
91,Six Rounds (Presentation 1.2),3.249154075,six_rounds,5.90E-06,,
91,Six Rounds (Presentation 1.2),3.249154075,five_rounds,0.0027132651,,
91,Six Rounds (Presentation 1.2),3.249154075,four_rounds,0.24370983,,
91,Six Rounds (Presentation 1.2),3.249154075,three_rounds,0.753571,,
92,Two Rounds (Small Magnet),1.08,two_rounds,0.08,,
92,Two Rounds (Small Magnet),1.08,one_round,0.92,,
92,Three Rounds (Big Magnet),2.0064,three_rounds,0.0064,,
92,Three Rounds (Big Magnet),2.0064,two_rounds,0.9936,,
92,Four Rounds (Hypno Goggles),2.154112,four_rounds,0.000512,,
92,Four Rounds (Hypno Goggles),2.154112,three_rounds,0.153088,,
92,Four Rounds (Hypno Goggles),2.154112,two_rounds,0.8464,,
92,Five Rounds (Presentation),3.01821696,five_rounds,4.10E-05,,
92,Five Rounds (Presentation),3.01821696,four_rounds,0.01813504,,
92,Five Rounds (Presentation),3.01821696,three_rounds,0.981824,,
92,Six Rounds (Presentation 1.2),3.223240397,six_rounds,3.28E-06,,
92,Six Rounds (Presentation 1.2),3.223240397,five_rounds,0.0019218432,,
92,Six Rounds (Presentation 1.2),3.223240397,four_rounds,0.21938688,,
92,Six Rounds (Presentation 1.2),3.223240397,three_rounds,0.778688,,
93,Two Rounds (Small Magnet),1.07,two_rounds,0.07,,
93,Two Rounds (Small Magnet),1.07,one_round,0.93,,
93,Three Rounds (Big Magnet),2.0049,three_rounds,0.0049,,
93,Three Rounds (Big Magnet),2.0049,two_rounds,0.9951,,
93,Four Rounds (Hypno Goggles),2.135443,four_rounds,0.000343,,
93,Four Rounds (Hypno Goggles),2.135443,three_rounds,0.134757,,
93,Four Rounds (Hypno Goggles),2.135443,two_rounds,0.8649,,
93,Five Rounds (Presentation),3.01403801,five_rounds,2.40E-05,,
93,Five Rounds (Presentation),3.01403801,four_rounds,0.01398999,,
93,Five Rounds (Presentation),3.01403801,three_rounds,0.985986,,
93,Six Rounds (Presentation 1.2),3.196944651,six_rounds,1.68E-06,,
93,Six Rounds (Presentation 1.2),3.196944651,five_rounds,0.0012982893,,
93,Six Rounds (Presentation 1.2),3.196944651,four_rounds,0.19434303,,
93,Six Rounds (Presentation 1.2),3.196944651,three_rounds,0.804357,,
94,Two Rounds (Small Magnet),1.06,two_rounds,0.06,,
94,Two Rounds (Small Magnet),1.06,one_round,0.94,,
94,Three Rounds (Big Magnet),2.0036,three_rounds,0.0036,,
94,Three Rounds (Big Magnet),2.0036,two_rounds,0.9964,,
94,Four Rounds (Hypno Goggles),2.116616,four_rounds,0.000216,,
94,Four Rounds (Hypno Goggles),2.116616,three_rounds,0.116184,,
94,Four Rounds (Hypno Goggles),2.116616,two_rounds,0.8836,,
94,Five Rounds (Presentation),3.01038096,five_rounds,1.30E-05,,
94,Five Rounds (Presentation),3.01038096,four_rounds,0.01035504,,
94,Five Rounds (Presentation),3.01038096,three_rounds,0.989632,,
94,Six Rounds (Presentation 1.2),3.170241898,six_rounds,7.78E-07,,
94,Six Rounds (Presentation 1.2),3.170241898,five_rounds,0.0008243424,,
94,Six Rounds (Presentation 1.2),3.170241898,four_rounds,0.16859088,,
94,Six Rounds (Presentation 1.2),3.170241898,three_rounds,0.830584,,
95,Two Rounds (Small Magnet),1.05,two_rounds,0.05,,
95,Two Rounds (Small Magnet),1.05,one_round,0.95,,
95,Three Rounds (Big Magnet),2.0025,three_rounds,0.0025,,
95,Three Rounds (Big Magnet),2.0025,two_rounds,0.9975,,
95,Four Rounds (Hypno Goggles),2.097625,four_rounds,0.000125,,
95,Four Rounds (Hypno Goggles),2.097625,three_rounds,0.097375,,
95,Four Rounds (Hypno Goggles),2.097625,two_rounds,0.9025,,
95,Five Rounds (Presentation),3.00725625,five_rounds,6.25E-06,,
95,Five Rounds (Presentation),3.00725625,four_rounds,0.00724375,,
95,Five Rounds (Presentation),3.00725625,three_rounds,0.99275,,
95,Six Rounds (Presentation 1.2),3.143106563,six_rounds,3.13E-07,,
95,Six Rounds (Presentation 1.2),3.143106563,five_rounds,0.0004809375,,
95,Six Rounds (Presentation 1.2),3.143106563,four_rounds,0.14214375,,
95,Six Rounds (Presentation 1.2),3.143106563,three_rounds,0.857375,,
96,Two Rounds (Small Magnet),1.04,two_rounds,0.04,,
96,Two Rounds (Small Magnet),1.04,one_round,0.96,,
96,Three Rounds (Big Magnet),2.0016,three_rounds,0.0016,,
96,Three Rounds (Big Magnet),2.0016,two_rounds,0.9984,,
96,Four Rounds (Hypno Goggles),2.078464,four_rounds,6.40E-05,,
96,Four Rounds (Hypno Goggles),2.078464,three_rounds,0.078336,,
96,Four Rounds (Hypno Goggles),2.078464,two_rounds,0.9216,,
96,Five Rounds (Presentation),3.00467456,five_rounds,2.56E-06,,
96,Five Rounds (Presentation),3.00467456,four_rounds,0.00466944,,
96,Five Rounds (Presentation),3.00467456,three_rounds,0.995328,,
96,Six Rounds (Presentation 1.2),3.115512422,six_rounds,1.02E-07,,
96,Six Rounds (Presentation 1.2),3.115512422,five_rounds,0.0002482176,,
96,Six Rounds (Presentation 1.2),3.115512422,four_rounds,0.11501568,,
96,Six Rounds (Presentation 1.2),3.115512422,three_rounds,0.884736,,
97,Two Rounds (Small Magnet),1.03,two_rounds,0.03,,
97,Two Rounds (Small Magnet),1.03,one_round,0.97,,
97,Three Rounds (Big Magnet),2.0009,three_rounds,0.0009,,
97,Three Rounds (Big Magnet),2.0009,two_rounds,0.9991,,
97,Four Rounds (Hypno Goggles),2.059127,four_rounds,2.70E-05,,
97,Four Rounds (Hypno Goggles),2.059127,three_rounds,0.059073,,
97,Four Rounds (Hypno Goggles),2.059127,two_rounds,0.9409,,
97,Five Rounds (Presentation),3.00264681,five_rounds,8.10E-07,,
97,Five Rounds (Presentation),3.00264681,four_rounds,0.00264519,,
97,Five Rounds (Presentation),3.00264681,three_rounds,0.997354,,
97,Six Rounds (Presentation 1.2),3.087432594,six_rounds,2.43E-08,,
97,Six Rounds (Presentation 1.2),3.087432594,five_rounds,0.0001055457,,
97,Six Rounds (Presentation 1.2),3.087432594,four_rounds,0.08722143,,
97,Six Rounds (Presentation 1.2),3.087432594,three_rounds,0.912673,,
98,Two Rounds (Small Magnet),1.02,two_rounds,0.02,,
98,Two Rounds (Small Magnet),1.02,one_round,0.98,,
98,Three Rounds (Big Magnet),2.0004,three_rounds,0.0004,,
98,Three Rounds (Big Magnet),2.0004,two_rounds,0.9996,,
98,Four Rounds (Hypno Goggles),2.039608,four_rounds,8.00E-06,,
98,Four Rounds (Hypno Goggles),2.039608,three_rounds,0.039592,,
98,Four Rounds (Hypno Goggles),2.039608,two_rounds,0.9604,,
98,Five Rounds (Presentation),3.00118416,five_rounds,1.60E-07,,
98,Five Rounds (Presentation),3.00118416,four_rounds,0.00118384,,
98,Five Rounds (Presentation),3.00118416,three_rounds,0.998816,,
98,Six Rounds (Presentation 1.2),3.058839523,six_rounds,3.20E-09,,
98,Six Rounds (Presentation 1.2),3.058839523,five_rounds,3.15E-05,,
98,Six Rounds (Presentation 1.2),3.058839523,four_rounds,0.05877648,,
98,Six Rounds (Presentation 1.2),3.058839523,three_rounds,0.941192,,
99,Two Rounds (Small Magnet),1.01,two_rounds,0.01,,
99,Two Rounds (Small Magnet),1.01,one_round,0.99,,
99,Three Rounds (Big Magnet),2.0001,three_rounds,1.00E-04,,
99,Three Rounds (Big Magnet),2.0001,two_rounds,0.9999,,
99,Four Rounds (Hypno Goggles),2.019901,four_rounds,1.00E-06,,
99,Four Rounds (Hypno Goggles),2.019901,three_rounds,0.019899,,
99,Four Rounds (Hypno Goggles),2.019901,two_rounds,0.9801,,
99,Five Rounds (Presentation),3.00029801,five_rounds,1.00E-08,,
99,Five Rounds (Presentation),3.00029801,four_rounds,0.00029799,,
99,Five Rounds (Presentation),3.00029801,three_rounds,0.999702,,
99,Six Rounds (Presentation 1.2),3.02970497,six_rounds,1.00E-10,,
99,Six Rounds (Presentation 1.2),3.02970497,five_rounds,3.97E-06,,
99,Six Rounds (Presentation 1.2),3.02970497,four_rounds,0.02969703,,
99,Six Rounds (Presentation 1.2),3.02970497,three_rounds,0.970299,,
100,Two Rounds (Small Magnet),1,two_rounds,0,,
100,Two Rounds (Small Magnet),1,one_round,1,,
100,Four Rounds (Hypno Goggles),2,four_rounds,0,,
100,Four Rounds (Hypno Goggles),2,three_rounds,0,,
100,Three Rounds (Big Magnet),2,three_rounds,0,,
100,Four Rounds (Hypno Goggles),2,two_rounds,1,,
100,Three Rounds (Big Magnet),2,two_rounds,1,,
100,Six Rounds (Presentation 1.2),3,six_rounds,0,,
100,Five Rounds (Presentation),3,five_rounds,0,,
100,Six Rounds (Presentation 1.2),3,five_rounds,0,,
100,Five Rounds (Presentation),3,four_rounds,0,,
100,Six Rounds (Presentation 1.2),3,four_rounds,0,,
100,Five Rounds (Presentation),3,three_rounds,1,,
100,Six Rounds (Presentation 1.2),3,three_rounds,1,,